title,author,year,screening_decision,reason_for_exclusion,quick_notes,soc_method,societal_benefit,value_units,eo_data,applied_science_theme,revisited
The Benefits to Mexican Agriculture of an El Nino-southern Oscillation (ENSO) Early Warning System,"Adams, Richard M and Houston, Laurie L and McCarl, Bruce A and Tiscare{~n}o L, Mario and Matus G, Jaime and Weiher, Rodney F",2003,include,NA,not satellite specifically,voi,ag production,dollars,climate forecast,agriculture,x
Value of Improved Long-Range Weather Information,"Adams, Richard M. and Bryant, Kelly J. and Mccarl, Bruce A. and Legler, David M. and O'Brien, James and Solow, Andrew and Weiher, Rodney",1995,include,NA,NA,voi,ag production,dollars,climate forecast,agriculture,x
Investigating the Global Socio-Economic Benefits of Satellite Industry and Remote Sensing Applications,"Alvino, Letizia and Marino, Stefano and Ahmad, Uzair and Alvino, Arturo",2019,exclude,review,NA,NA,NA,NA,NA,NA,NA
"Contingent Valuation Study of the Benefits of Seasonal Climate Forecasts for Maize Farmers in the Republic of Benin, West Africa","Amegnaglo, Cocou Jaur{\`e}s and Anaman, Kwabena Asomanin and {Mensah-Bonsu}, Akwasi and Onumah, Edwards Ebo and Amoussouga Gero, Fulbert",2017,include,NA,not satellite specifically,contingent valuation,ag production,dollars,climate forecast,agriculture,x
Earth Observation in Service of the 2030 Agenda for Sustainable Development,"Anderson, Katherine and Ryan, Barbara and Sonntag, William and Kavvada, Argyro and Friedl, Lawrence",2017,exclude,data not valued,"describes many ways in which eo data can support measurement and progress toward sustainable development goals, with references to case studies elsewhere, but data are not valued in this paper",NA,NA,NA,NA,NA,NA
Using Data from Earth Observation to Support Sustainable Development Indicators: An Analysis of the Literature and Challenges for the Future,"Andries, Ana and Morse, Stephen and Murphy, Richard J. and Lynch, Jim and Woolliams, Emma R.",2022,exclude,review,explores how eo data can provide value by populating sdg indicators? the authors catalog sdg indicators according to possibility of eo contributions,NA,monitoring progress toward sdgs,weak/partial/direct contribution toward sdg indicator,various,various,NA
The Value of Weather Information in Market Equilibrium,"Babcock, Bruce A.",1990,include,NA,not satellite specifically,equilibrium model,ag production,conceptual,climate forecast,agriculture,x
Valuing User Preferences for Geospatial Fire Monitoring in Guatemala,"Berenter, Jared and Morrison, Isaac and Mueller, Julie M.",2021,include,NA,"willingness to pay, choice experiment - fire monitoring in guatemala -",choice experiment,increased efficiency in fire management,financial,sigma-i hotspot maps;modis,wildfire,NA
The Value of Remotely Sensed Information: The Case of a GRACE-Enhanced Drought Severity Index,"Bernknopf, Richard and Brookshire, David and Kuwayama, Yusuke and Macauley, Molly and Rodell, Matthew and Thompson, Alexandra and Vail, Peter and Zaitchik, Benjamin",2018,include,NA,voi/bayesian decision theory in framework - drought monitoring,voi,improvement in drought prediction and response with satellite data,financial,grace,water resources; disaster response,NA
Monetising the Savings of Remotely Sensed Data and Information in Burn Area Emergency Response (BAER) Wildfire Assessment,"Bernknopf, Richard and Kuwayama, Yusuke and Gibson, Reily and Blakely, Jessica and Mabee, Bethany and Clifford, T. J. and Quayle, Brad and Epting, Justin and Hardy, Terry and Goodrich, David",2021,exclude,data not valued,This is a case of equivalent data being produced at a lower cost? exclude,voi,reduced cost of post-fire emergency response,financial,landsat,wildfire; disaster response,NA
Economic Assessment of the Use Value of Geospatial Information,"Bernknopf, Richard and Shapiro, Carl",2015,include,NA,"voi/bayesian - theory/framework with examples from agrochemicals, earthquake hazards, and ecosystem service markets, looking at how data expands the production possibilities frontier (pareto efficiency).  the first case study used landsat data; case study 2 was based on geographical info but not necessarily satellite; case study 3 looks at remote sensing for ecosystem service markets.",voi,increased efficiency in government regulation,financial,landsat; mrli,agriculture; water resources; disaster response,NA
Earth Observations Can Enable Cost-Effective Conservation of Eastern North Pacific Blue Whales: A Value of Information Analysis,"Bernknopf, Richard and Steinkruger, Andrew and Kuwayama, Yusuke",2021,include,NA,voi/bayesian decision - marine conservation,voi,cost reduction for vessel speed regulation,financial; blue whales saved,whalewatch,ecological conservation,NA
Estimating the Social Value of Geologic Map Information: A Regulatory Application,"Bernknopf, Richard L. and Brookshire, David S. and McKee, Michael and Soller, David R.",1997,include,NA,not satellite,voi,reduced loss and harm from land use decisions based on reduced uncertainty,various,usgs geologic maps,various,x
The Role Of Geoscience Information In Reducing Catastrophic Loss Using A Web-Based Economics Experiment,"Bernkopf, Richard",2003,include,,"Econ experimental setting where players can buy insurance to cover potential losses, based on more or less detailed map of risk of loss",choice experiment,avoiding loss,dollars,hypothetical,hypothetical,x
Socio-Economic Benefits from the Use of Earth Observation,"Borzacchiello, Maria Teresa and Craglia, Massimo",2011,exclude,conference abstract/proceedings,report from a workshop; looks like lots of good ideas in here,NA,NA,NA,NA,NA,NA
Assessing the Value of Information for Water Quality Management in the North Sea,"Bouma, J. A. and {van der Woerd}, H. J. and Kuik, O. J.",2009,include,NA,"voi/bayesian decision theory, stakeholder perception elicitation - marine water quality",voi; expert elicitation,"water quality monitoring for clarity, eutrophication, harmful algal blooms",financial,hypothetical,water resources; ecological conservation,NA
The Value of Earth Observation for Marine Water Quality Management,"Bouma, J. A. and Kuik, O. J. and {van der Woerd}, H. J. and Dekker, A. G.",2009,include,NA,"voi/bayesian decision theory, elicited beliefs of stakeholders - marine water quality - same as ""assessing the value of information for water quality management in the north sea"" and ""assessing the value of earth observation for managing coral reefs: an example from the great barrier reef""",voi; expert elicitation,improved water quality management decisions (gbr); improved early warning of habs (north sea),financial,hypothetical,water resources; ecological conservation,NA
Assessing the Value of Earth Observation for Managing Coral Reefs: An Example from the Great Barrier Reef,"Bouma, Jetske A. and Kuik, Onno and Dekker, Arnold G.",2011,include,NA,"voi/bayesian decision theory, elicitation of decision maker perceptions - marine conservation, great barrier reef",voi; expert elicitation,improved water quality management decisions (gbr),financial,hypothetical,ecological conservation,NA
The Value of Earth Observation for Managing the Great Barrier Reef,"Bouma, Jetske and Kuik, Onno and Dekker, Arnold",NA,include,NA,"voi/bayesian decision theory, elicited decision maker perceptions of value - marine conservation, great barrier reef",voi; expert elicitation,improved water quality management decisions (gbr),financial,hypothetical,ecological conservation,NA
Bayesian Framework for Assessing the Value of Scientific Space Systems: Value of Information Approach with Application to Earth Science Spacecraft,"Brathwaite, Joy and Saleh, Joseph H.",2013,include,NA,"voi/bayesian decision theory, disaster early warning systems for hurricanes with respect to oil rigs",voi,improved forecasting of extreme weather events,financial,hypothetical,disaster response,NA
Empowering Brazilian Unprivileged Communities with High Geotechnological Tools,"Brito, Patricia Lustosa and Reis, Daniel Nadier Cavalcanti and Brito, Ricardo Lustosa and {de Oliveira Fernandes}, Vivian and Alixandrini, Mauro",2013,exclude,data not valued; review,"collaborative mapping, engaging underprivileged communities in brazil.  perhaps useful for seeing how underprivileged communities can contribute value, types of values, etc; but there is no valuation of data here",NA,NA,NA,NA,NA,NA
"A New Process for Organizing Assessments of Social, Economic, and Environmental Outcomes: Case Study of Wildland Fire Management in the USA","Bruins, Randall Jf and Munns, Wayne R and Botti, Stephen J and Brink, Steve and Cleland, David and Kapustka, Larry and Lee, Danny and Luzadis, Valerie and Falk McCarthy, Laura and Rana, Naureen and Rideout, Douglas B and Rollins, Matt and Woodbury, Peter and Zupko, Mike",2010,exclude,data not valued,this is more about an improved decisionmaking process rather than anything about the esi that goes into the decisionmaking,NA,NA,NA,NA,NA,x
Assessing the Usability and Potential Value of Seasonal Climate Forecasts in Land Management Decisions in the Southwest UK: Challenges and Reflections,"Bruno Soares, Marta",2017,include,NA,not satellite specifically,stated preference,ag production,qualitative,climate forecast,agriculture,x
Assessing the Value of Seasonal Climate Forecasts for Decision-making,"Bruno Soares, Marta and Daly, Meaghan and Dessai, Suraje",2018,exclude,review,"good examination of the term ""value"" in context of seasonal climate forecasts though",NA,NA,NA,NA,NA,x
The Value of Climate Information When Farm Programs Matter,"Cabrera, Victor E. and Letson, David and Podest{\'a}, Guillermo",2007,include,NA,not satellite specifically,farm decision model,ag production,dollars,climate forecast,agriculture,x
Economic Potential of Oil Palm Plantation Using Remote Sensing-Based Technology in Indonesia,"Center for Aerospace Policy Studies, National Institute of Aeronautics and Space (LAPAN), Indonesia} and Diana, Shinta Rahma and Farida, Farida and {Faculty of Economics and Bussiness, UPI, YAI, Indonesia",2021,include,NA,statistical methods to tease out effects of remote sensing to improve management efficiency (fertilization) in oil palm production,panel regression,improved agricultural production efficiency,efficiency,spot,agriculture,NA
Operational Use and Impact of Satellite Remotely Sensed Ocean Surface Vector Winds in the Marine Warning and Forecasting Environment,"Chang, Paul and Jelenak, Zorena and Sienkiewicz, Joseph and Knabb, Richard and Brennan, Michael and Long, David and Freeberg, Mark",2009,exclude,data not valued,"improvements in warning times and accuracy as a result of integrating satellite data? lots of examples of use and thus implicit value, but explicit valuation is not done",NA,improved early warning for marine extreme weather,NA,quickscat,disaster response,NA
Agricultural Value of ENSO Information under Alternative Phase Definition,"Chen, Chi-Chung and McCarl, Bruce and Hill, Harvey",2002,include,NA,"improved enso information, i.e., five phase vs three phase - not specifically satellite",stochastic model and voi,ag production,dollars,climate forecast,agriculture,x
Earth Observation in a Cost-Benefit Analysis Perspective: Cosmo SkyMed Satellites of the Italian Space Agency,"Cl{\`o}, Stefano and Florio, Massimo and Morretta, Valentina and Vurchio, Davide",NA,exclude,data not valued,"lit review, case study - barriers and governance analysis.  lit review on examples of valuations for eo data.  for this, socio-economic benefits are asserted but not quantified; method is not clearly stated.  case study: csk data and law enforcement",NA,NA,NA,cosmo skymed,NA,NA
Assessing the Full Effects of Public Investment in Space,"Clark, John and Koopmans, Carl and Hof, Bert and Knee, Paula and Lieshout, Rogier and Simmonds, Paul and Wokke, Frank",2014,exclude,review,"categorizes impacts of investment in space technology across economic, social, strategic, and environmental including spillover effects and such - a meta-analysis.  includes good summaries of various valuation methods.  proposes framework for combining results from across various impacts and such, but doesn't actually apply it.",cost-benefit analysis; multi criteria analysis,various,various; financial,hypothetical,various,NA
Market-Based Methods for Monetizing Uncertainty Reduction,"Cooke, Roger and Golub, Alexander",2020,include,NA,"options pricing to assess voi/bayesian, based on improved accuracy of weather forecasting",voi;options pricing,improved weather forecasting,financial,hypothetical,agriculture,NA
Value of Information for Climate Observing Systems,"Cooke, Roger and Wielicki, Bruce A. and Young, David F. and Mlynczak, Martin G.",2014,include,NA,"modeling link between improved climate observations, decision-making trigger status, and resulting reductions in climate damage",voi,earlier switch to reduced carbon emissions path,financial,clarreo,climate,NA
The Value of El Nino Forecasts in the Management of Salmon: A Stochastic Dynamic Assessment,"Costello, Christopher J. and Adams, Richard M. and Polasky, Stephen",1998,include,NA,not satellite specifically,bioeconomic model;voi,fishery production; sustainability,dollars,climate forecast,fisheries,x
Cost and Value of Multidisciplinary Fixed-Point Ocean Observatories,"Cristini, Luisa and Lampitt, Richard S. and Cardin, Vanessa and Delory, Eric and Haugan, Peter and O'Neill, Nick and Petihakis, George and Ruhl, Henry A.",2016,include,NA,"cost-benefit analysis? highlights challenges in accurately quantifying economic value of ocean observations - fairly surface level analysis.  ocean-based observation, not satellite",cost-benefit analysis,improved ocean and climate prediction,financial,fixo3,climate;disaster response;other,NA
An Analysis of the Value of Additional Information Provided by a Water Quality Measurement Network,"Destandau, F. and Diop, A. P.",2016,include,NA,voi/bayesian decision theory - economic benefit of improved decision in water quality measurement network,voi,improved decisionmaking about water treatment,financial,in situ water measurement,water resources,NA
Spatio-Temporal Design for a Water Quality Monitoring Network Maximizing the Economic Value of Information to Optimize the Detection of Accidental Pollution,"Destandau, Fran{\c c}ois and Zaiter, Youssef",2020,include,NA,not satellite,voi,reduction of damage due to water pollution,NA,water quality monitoring network,water resources,x
Willingness to Pay for Soil Information Derived by Digital Maps: A Choice Experiment Approach,"Diafas, Iason and Panagos, Panos and Montanarella, Luca",2013,include,NA,not satellite,choice experiment,ag production,dollars,digital soil map,agriculture,x
Intangible Economic Benefit of Remote Sensing Data in Indonesia,"Diana, Shinta Rahma and Ibrahim, Ida Musdafia",2020,include,NA,"qualitative techniques, questionnaire and in-depth interviews",stated preference,user satisfaction and intangible benefits,"qualitative satisfaction, quality, benefit",remote sensing in general,agriculture,NA
How to Measure the Economic Health Cost of Wildfires -- A Systematic Review of the Literature for Northern America,"Dittrich, Ruth and McCallum, Stuart",2020,exclude,review,NA,NA,NA,NA,NA,NA,x
CEOS Contributions to Informing Energy Management and Policy Decision Making Using Space-Based Earth Observations,"Eckman, Richard S. and Stackhouse, Paul W.",2012,exclude,data not valued,"stakeholder engagement, improving dissemination of info/data - multiple case studies.  this does not seem to be about valuing data, but rather implicit value",NA,NA,NA,NA,NA,NA
Seeing Our Planet Whole: A Cultural and Ethical View of Earth Observation,"Eyres, Harry",2017,exclude,book,this is just the table of contents? examine the entire book?,NA,NA,NA,NA,NA,NA
Free Satellite Imagery and Digital Elevation Model Analyses Enabling Natural Resource Management in the Developing World: Case Studies from Eastern Indonesia,"Fisher, Rohan Peter and Hobgen, Sarah Elizabeth and Haleberek, Kristianus and Sula, Nelson and Mandaya, Iradaf",2017,exclude,ESI data not used; data not valued,"might conflate gis and eo data… “the paper evaluates the mentioned case studies against criteria suggested by mccall and dunn (2012) for participatory gis to contribute to good governance, including strengthening legitimacy, creating respect for local knowledge, developing equity, demonstrating competence, and creating accountability”",NA,NA,NA,NA,NA,NA
"Weather Impacts On Natural, Social And Economic Systems","Flechsig, Michael",2000,exclude,data not valued,"survey of individuals and managers, but relating to weather/climate, not satellite data?",qualitative survey;stated preference,,qualitative,hypothetical,,x
An Economic Value of Remote-Sensing Information: Application to Agricultural Production and Maintaining Groundwater Quality,"Forney, William M. and Raunikar, R. and Mishra, Shruti and Bernknopf, R.",2012,include,NA,"model of regulations that affect crop prices and input costs, summed over time, to optimize agricultural production/profit while avoiding increase in groundwater pollytion? then feeds into a voi comparison looking at outward expansion of ppf due to new tech",model; voi,increased crop production without increased groundwater pollution,financial; groundwater,mrli,agriculture; water resources,NA
Economic and Social Benefits of Meteorology and Climatology in Switzerland,"Frei, Thomas",2010,exclude,review,not satellite specifically,NA,NA,NA,weather information,NA,x
A Conceptual Framework for Assessing the Benefits of a Global Earth Observation System of Systems,"Fritz, S. and Scholes, R.J. and Obersteiner, M. and Bouma, J. and Reyers, B.",2008,include,NA,"benefit chain concept - causal pathway from incremental improvements in the observing system (cost = investment cost for marginal increase in eo effort) to better management and outcomes (benefit = marginal increase in societal benefits given a marginal increase in effort) - marginal cost-benefit ratio, i.e., shape of a logistic benefit-cost curve, max incremental benefit:cost is where the slope is steepest",cost-benefit analysis; benefit chain,"many (case studies: fire control due to better weather forecasts, improved data for conservation planning; marine water quality monitoring)",many,geoss,wildfire; ecological conservation; water resources,NA
Essential Variables for Environmental Monitoring: What Are the Possible Contributions of Earth Observation Data Cubes?,"Giuliani, Gregory and Egger, Elvire and Italiano, Julie and Poussin, Charlotte and Richard, Jean-Philippe and Chatenoux, Bruno",2020,exclude,data not valued,looks at various categories of essential variables and how some of those may be estimated using eo imagery; does not seem to actually determine a value,NA,NA,NA,NA,NA,NA
Knowledge Generation Using Satellite Earth Observations to Support Sustainable Development Goals (SDG): A Use Case on Land Degradation,"Giuliani, Gregory and Mazzetti, Paolo and Santoro, Mattia and Nativi, Stefano and Van Bemmelen, Joost and Colangeli, Guido and Lehmann, Anthony",2020,exclude,data not valued,approach to monitor land degradation at various scales using eo data toward an indicator for sdg 15.3.1.,NA,NA,NA,NA,NA,NA
The Value Of A Long-Range Weather Forecast For The West African Sahel,"Glantz, Michael",1977,include,,"Survey-based study asking for retrospective decisions a year ago (study in 1973, what would you have done in 1972) if you had an accurate forecast of monthly average rain and temp.",qualitative survey;stated preference,agricultural production;grazing;disease reduction,qualitative,hypothetical,agriculture;water resources;health,x
As Seen From Space: Tele-Epidemiological Data as Pandemic Memory,"Gleason, Louis",2022,exclude,data not valued,"tele-epidemiology - addressing disparities in data to fill gaps and provide a better understanding of pandemic history.  interesting, with concrete examples of potential benefits, but no actual measurement of benefit",NA,NA,NA,NA,NA,NA
Economic Evaluation of Research to Improve the Canadian Forest Fire Danger Rating System,"Gould, J. S. and Patriquin, M. N. and Wang, S. and McFarlane, B. L. and Wotton, B. M.",2013,exclude,data not valued,"this looks more like valuing a decision support tool, rather than the information itself",cost-benefit analysis,NA,NA,NA,NA,x
Simulating the Value of El Nino Forecasts for the Panama Canal,"Graham, Nicholas E. and Georgakakos, Konstantine P. and Vargas, Carlos and Echevers, Modesto",2006,include,NA,not satellite specifically,dynamic model;optimization,optimal water levels in lake/panama canal,dollars,climate forecast,water resources,x
Use of Climate Information for Socio-Economic Benefits,"Gunasekera, Don",2010,exclude,review,"public good, across multiple applied science areas - seems like it offers a framework that would be useful.  unclear whether the data reviewed here (“climate information”) is eo but seems plausible; also may be climate forecasts rather than eo data",NA,NA,NA,NA,NA,NA
A Cost-Benefit Analysis of The National Map,"Halsing, David L. and Theissen, Kevin and Bernknopf, Richard",2004,include,NA,not satellite specifically,cost-benefit analysis,various,dollars,national map,various,x
Potential Value Of Gcm-Based Seasonal Rainfall Forecasts For Maize Management In Semi-Arid Kenya,"Hansen, James",2009,include,,GCM not satellite data,voi,ag production,dollars,climate forecast,agriculture,x
Earth Observation and the Public Good,"Harris, Ray and Miller, Lewis",2011,exclude,data not valued,"public goods theory; framework of thinking about satellite data in terms of rivalry and excludability, with nine eo missions placed in various locations on this plane.  not technically valuing the data, but ranking them relatively along the two axes?",public goods theory,efficient eo markets,"rivalry, excludability",various,various,NA
Pricing Policy and Legal Issues: 6th and 7th EOPOLE Workshops,"Harris, Ray and Olby, Nicola",2000,include,NA,"pricing policy of earth observation data, linear regression of log(price per km2) as a function of log(pixel size)",regression,efficient eo markets,financial,general,general,NA
Benefits Of Meteorological Services In South Eastern Europe,"Hautala, Raine",2008,include,,report that covers multiple sectors in multiple countries ,voi;contingent valuation,various,euros,weather information,agriculture;disaster response;others,x
A Method for Estimating the Socioeconomic Impact of Earth Observations in Wildland Fire Suppression Decisions,"Herr, Vincent and Kochanski, Adam K. and Miller, Van V. and McCrea, Rich and O'Brien, Dan and Mandel, Jan",2020,include,NA,hypothetical scenarios of fire suppression decisions with and without modis data.  sounds like voi/bayesian as done through simulations,voi; scenario simulation,reduced losses from wildfire due to improved firebreak decisions,financial,modis,wildfire,NA
The Value of Harmful Algal Bloom Predictions to the Nearshore Commercial Shellfish Fishery in the Gulf of Maine,"Jin, Di and Hoagland, Porter",2008,include,NA,not satellite specifically,voi,shellfish production,dollars,harmful algal bloom predictions,fisheries,x
Potential Benefits Of Climate Forecasting To Agriculture,"Jones, J.W.",2000,include,,tailoring crop mix based on ENSO phases in SE USA and Argentina,voi,ag production,dollars,climate forecast,agriculture,x
The Potential Value of Improved Ocean Observation Systems in the Gulf of Mexico,"Kaiser, Mark J. and Pulsipher, Allan G.",2004,include,NA,"ocean observation systems that slightly improve weather forecasts, and thus slightly increase the value of activities that depend on weather forecasts.",model; voi,various ocean-related benefits,financial; lives saved,hypothetical,various,NA
Agricultural Producers' Willingness to Pay for Real-Time Mesoscale Weather Information,"Kenkel, Phil L. and Norris, Patricia E.",1995,include,NA,contingent valuation - survey of farmers and ranchers on willingness to pay for improved weather information.  includes both raw weather data and value-added information products.  not satellite data but still seems like remote observation can apply,stated preference,improved agricultural production efficiency,financial,mesonet,agriculture,NA
Valuing Weather Observation Systems For Forest Fire Management,"Khabarov, N. and Moltchanova, E. and Obersteiner, M.",2008,include,NA,voi/bayesian based on reduction in burned areas based on either coarse or fine resolution weather data.  not satellite data - aerial patrols - but can be generalized,voi,reduced area burned,financial,air patrol,wildfire,NA
The Value of Ocean Surface Wind Information for Maritime Commerce,"Kite-Powell}, Hauke",2011,include,NA,hypothetical satellite,voi,avoided exposure of shipping to storms,dollars,hypothetical,shipping,x
Assessing the Economic Value of Early Warning Systems,"Klafft, Michael and Meissen, Ulrich",2011,exclude,ESI data not used,"contingent valuation vs. cost avoidance for disaster response early warning systems - recommends cost avoidance approach due to challenges and biases in contingent valuation.  math model including disaster types, response actions, prediction accuracy, dissemination channels, and system costs.  explores factors that affect effectiveness of early warning systems: personal and cultural factors, prediction-related factors, and dissemination-related factors.  note: early warning systems might use eo data as input, but aren't really eo data themselves.  however, the valuation methods might still be useful!",NA,NA,NA,NA,NA,NA
A Scalable Earth Observations-Based Decision Support System for Hydropower Planning in Africa,"Koppa, Akash and Gebremichael, Mekonnen and Hopson, Thomas M. and Riddle, Emily and Boehnert, Jennifer and Broman, Daniel P.",2021,include,NA,hydropower production improved through use of eo data instead of climatological forecast to inform inflow forecasts,model; simulation; voi,improved hydropower production,mwh,various,water resources,NA
Economic Value Of Current And Improved Weather Forecasts In The U.s. Household Sector,"Lazo, Jeffrey",2002,include,,"large report on value of weather forecasting services to households, e.g., relative to amount of taxes",stated preference; contingent valuation,benefits to households,dollars,weather information,,x
Using Earth Observations to Enhance Water Resources Decision-Making and Disaster Assessment Processes in the United States and the Developing World,"Lee, Christine M. and Searby, Nancy D. and Hemmings, Sarah N.",2013,exclude,data not valued,looks more like applications and implicit value,NA,NA,NA,NA,NA,NA
Data Poverty: A Global Evaluation for 2009 to 2013 - Implications for Sustainable Development and Disaster Risk Reduction,"Leidig, Mathias and Teeuw, Richard M. and Gibson, Andrew D.",2016,exclude,ESI data not used,"data poverty index sounds interesting, though",NA,NA,NA,NA,NA,NA
Value of Perfect ENSO Phase Predictions for Agriculture: Evaluating the Impact of Land Tenure and Decision Objectives,"Letson, David and Laciana, Carlos E. and Bert, Federico E. and Weber, Elke U. and Katz, Richard W. and Gonzalez, Xavier I. and Podest{\'a}, Guillermo P.",2009,include,NA,NA,expected utility;prospect theory;voi,ag production,utility,climate forecast,agriculture,x
Economic Value of Hurricane Forecasts: An Overview and Research Needs,"Letson, David and Sutter, Daniel S. and Lazo, Jeffrey K.",2007,exclude,review,NA,NA,NA,NA,NA,NA,x
Estimating the Value of El Nino Southern Oscillation Information in a Regional Water Market with Implications for Water Management,"Liao, Shu-Yi and Chen, Chi-Chung and Hsu, Shih-Hsun",2010,include,NA,NA,stochastic model; regression,non ag and ag productivity,dollars,climate forecast,water resources; agriculture,x
Do Users Benefit from Additional Information in Support of Operational Drought Management Decisions in the Ebro Basin?,"Lin{\'e}s, Clara and Iglesias, Ana and Garrote, Luis and Sot{\'e}s, Vicente and Werner, Micha",2018,include,NA,"drought forecasting for farmers and water managers, improvements by including remote-sensed snowfall information. structured interviews to determine water use and management practices",voi,improved agricultural production; improved reservoir management,relative value (similar to normalized gain),modis,water resources; agriculture,NA
Valuing Geospatial Information: Using the Contingent Valuation Method to Estimate the Economic Benefits of Landsat Satellite Imagery,"Loomis, John and Koontz, Steve and Miller, Holly and Richardson, Leslie",2015,include,NA,"contingent valuation survey of landsat users - established and new users.  societal benefit - looks at economic losses associated with charging for use, based on modeled demand curve",stated preference,various,financial,landsat,various,NA
Assessing the Value of Climate Forecast Information for Pastoralists: Evidence from Southern Ethiopia and Northern Kenya,"Luseno, Winnie K and McPeak, John G and Barrett, Christopher B and Little, Peter D and Gebru, Getachew",2003,include,NA,"indigenous forecasting vs external (western-science-based) - if indigenous forecasters don't trust external forecasts, then they will not update priors, so the information is useless: ""the value of information depends on its novelty, recipients? confidence in it, and their ability and willingness to act on it.""",qualitative survey;stated preference,livestock and natural resources,NA,climate forecast,agriculture; indigenous,x
"The Value of Satellite-Based Active Fire Data for Monitoring, Reporting and Verification of REDD+ in the Lao PDR","M{\""u}ller, Daniel and Suess, Stefan and Hoffmann, Anja A. and Buchholz, Georg",2013,exclude,data not valued,"sounds like it is validating satellite data for models of fire mapping, rather than estimating the value",NA,NA,NA,NA,NA,NA
Ascribing Societal Benefit to Environmental Observations of Earth from Space: The Multiangle Imaging Spectroradiometer (Misr),"Macauley, Molly K.",2006,exclude,data not valued,"multiple types of benefits: realized, options, and knowledge.  may not calculate value, but links values to nrc framework",NA,NA,NA,NA,NA,NA
The Value of Information: Measuring the Contribution of Space-Derived Earth Science Data to Resource Management,"Macauley, Molly K.",2006,include,NA,"might be a review; sounds like overview of various methods incl econometrics, hedonic pricing, contingent valuation, and looks at case studies",voi,various,financial,hypothetical,various,NA
Ascribing Societal Benefit to Applied Remote Sensing Data Products: An Examination of Methodologies Based on the Multi-angle Imaging SpectroRadiometer Experience,"Macauley, Molly K. and Diner, David J.",2007,exclude,data not valued,"related to other paper?  describes benefits and catalogues them according to a couple of frameworks, but doesn't actually assess the magnitude of the benefit - see the other ascribing societal benefit",NA,NA,NA,NA,NA,NA
From Science to Applications: Determinants of Diffusion in the Use of Earth Observations,"Macauley, Molly K. and Maher, Joseph Andrew and Shih, J. S.",2010,exclude,review; data not valued,"lit review, regression to examine factors influencing diffusion of eo data - does not seem to value data explicitly, but factors that increase diffusion might hint at aspects that are valued",NA,NA,NA,NA,NA,NA
The Role of Stakeholders in Creating Societal Value From Coastal and Ocean Observations,"Mackenzie, Bev and Celliers, Louis and Assad, Luiz Paulo De Freitas and Heymans, Johanna J. and Rome, Nicholas and Thomas, Julie and Anderson, Clarissa and Behrens, James and Calverley, Mark and Desai, Kruti and DiGiacomo, Paul M. and Djavidnia, Samy and Dos Santos, Francisco and Eparkhina, Dina and Ferrari, Jos{\'e} and Hanly, Caitriona and Houtman, Bob and Jeans, Gus and Landau, Luiz and Larkin, Kate and Legler, David and Le Traon, Pierre-Yves and Lindstrom, Eric and Loosley, David and Nolan, Glenn and Petihakis, George and Pellegrini, Julio and Roberts, Zoe and Siddorn, John R. and Smail, Emily and {Sousa-Pinto}, Isabel and Terrill, Eric",2019,exclude,data not valued,"seems to be more about increasing stakeholder engagement with eo data, and how that adds value, rather than the value of the eo data itself",NA,NA,NA,NA,NA,NA
Using Architecture Modeling to Assess the Societal Benefits of the Global Earth Observation System-of-Systems,"Martin, J.N.",2008,exclude,data not valued,"“enterprise architecture modeling”? various contexts - fig. 3 assigns ""high"" ""medium"" and ""low"" importance (value?) of certain types of earth observations to benefit areas that closely map onto the current nasa applied science themes.  On second review, this is purely a conceptual overview without really an actionable methodology",enterprise architecture?,various,various,various,various,NA
Banda Aceh-The Value of Earth Observation Data in Disaster Recovery and Reconstruction: A Case Study,"McCallum, I. and Kidd, R. and Fritz, S. and Kraxner, F. and Obersteiner, M. and Shvidenko, Anatoly",2008,include,NA,"questionnaire - contingent value? cost-benefit for bathymetry, photo vs traditional surveying/mapping - context of disaster relief in banda aceh",cost-benefit analysis; expert elicitation,improvement in data for improved disaster response,financial,various,disaster response,NA
Economic Value of Seasonal Climate Forecasts for Agriculture: Review of Ex-Ante Assessments and Recommendations for Future Research,"Meza, Francisco J. and Hansen, James W. and Osgood, Daniel",2008,exclude,review,NA,NA,NA,NA,NA,NA,x
The Not-So-Marginal Value of Weather Warning Systems,"Miller, Benjamin M.",2018,include,NA,not satellite specifically,cross sectional; panel; causal inference,reduced injury and mortality,injury;mortality,weather early warning systems,disaster response,x
"Users, Uses, and Value of Landsat Satellite Imagery: Results from the 2012 Survey of Users","Miller, Holly M. and Richardson, Leslie A. and Koontz, Stephen R. and Loomis, John and Koontz, Lynne",2013,include,NA,"survey sent to nearly 45,000 users who had accessed landsat imagery: who uses it, how they use it, and what value of the imagery is to them",stated preference,various,various,landsat,various,NA
Getting the Most out of Ensemble Forecasts: A Valuation Model Based on User-Forecast Interactions,"Millner, Antony",2008,include,NA,not satellite specifically,voi,conceptual,conceptual,weather forecast,conceptual,x
Improved Hydrological Decision Support System for the Lower Mekong River Basin Using Satellite-Based Earth Observations,"Mohammed, Ibrahim and Bolten, John and Srinivasan, Raghavan and Lakshmi, Venkat",2018,exclude,data not valued,NA,NA,NA,NA,NA,NA,NA
Landsat Data Ecosystem Case Study: Actor Perceptions of the Use and Value of Landsat,"Molder, Edmund B. and Schenkein, Sarah F. and McConnell, Abby E. and Benedict, Karl K. and Straub, Crista L.",2022,include,NA,"semi-structured interview of landsat data users: where/how they access, what they do with it, what happens with the products created, and what are the values, benefits, challenges",stated preference,various,various,landsat,various,NA
Integrating Earth Observation Data into Geospatial Databases That Support Public Health Decisions,"Morain, S. A. and Budge, A. M.",2006,exclude,data not valued,dust forecasting - compares model outputs using higher-resolution eo data to see how model performs? no valuation of information except for model performance,NA,improved dust forecasting for health care,NA,modis;srtm;various,human health,NA
The Socio-Economic Value of Scientific Publications: The Case of Earth Observation Satellites,"Morretta, Valentina and Vurchio, Davide and Carrazza, Stefano",2022,include,NA,bibliometric analysis to see how cosmo skymed has contributed to knowledge generation through published papers and citations,cost-benefit analysis; marginal social value,improved knowledge generation,financial; publications,cosmo skymed,various,NA
The Value of Information: Methodological Frontiers and New Applications in Environment and Health,NA,2012,exclude,not a paper,"this is a book with chapters highlighting various examples and methods of valuing information, not necessarily eo data",NA,NA,NA,NA,NA,NA
Satellite Earth Observations and Their Impact on Society and Policy,NA,2017,exclude,not a paper,a book with chapters highlighting various assessments of benefits from satellite earth observations,NA,NA,NA,NA,NA,NA
Visual Evidence from Above: Assessing the Value of Earth Observation Satellites for Supporting Human Rights,"Notley, Tanya and {Webb-Gannon}, Camellia",2016,exclude,data not valued,"qualitative research approach - critical analysis, interviews, case studies of satellite images in human rights contexts.  doesn't quite ""measure"" the value, but connects specific aspects of justice to eo data",NA,aspects of justice,various,various,justice,NA
The Value of Near Real-Time Earth Observations for Improved Flood Disaster Response,"Oddo, Perry C. and Bolten, John D.",2019,include,NA,voi/bayesian decision theory - for emergency response vehicle routing.,voi,improved emergency response time,time,modis,disaster response,NA
Enhancing the Standardized Drought Vulnerability Index by Integrating Spatiotemporal Information from Satellite and in Situ Data,"Oikonomou, Panagiotis D. and Tsesmelis, Demetrios E. and Waskom, Reagan M. and Grigg, Neil S. and Karavitis, Christos A.",2019,exclude,data not valued,"incorporates satellite data into an updated standardized drought vuln index, but doesn't quite get to the point of showing how the new information improves value? so close!",NA,improved drought monitoring,NA,NA,NA,NA
The Public Value of Improving a Weather Forecasting System in Korea: A Choice Experiment Study,"Park, Sun-Young and Yoo, Seung-Hoon",2018,include,NA,not satellite specifically,choice experiment,household utility,dollars,weather forecast,NA,x
"Demonstrating the Value of Earth Observations - Methods, Practical Applications, and Solutions - Group on Earth Observations Side Event Proceedings","Pearlman, Francoise and Lawrence, Collin B. and Pindilli, Emily J. and Geppi, Denna and Shapiro, Carl D. and Grasso, Monica and Pearlman, Jay and Adkins, Jeffery and Sawyer, Geoff and Tassa, Alessandra",2019,exclude,conference abstract/proceedings,"workshop looking at valuing eo, value chains",NA,NA,NA,NA,NA,NA
Global Warming Uncertainties and the Value of Information: An Analysis Using CETA,"Peck, Stephen C. and Teisberg, Thomas J.",1993,exclude,ESI data not used,this is  about carbon emissions trajectory and policy rather than any kind of remote observation-related information,NA,NA,NA,NA,NA,x
Identifying Methods for Quantifying the Societal Impacts of the National Oceanic and Atmospheric Administration,"Pendleton, Linwood and Wiley, Peter and {Beller-Simms}, Nancy and Curtis, Rita and Gaynor, John and Huffer, Hillary and Morris, Charlie and Sagar, Heather and Smith, Adam and Sprague, Jennifer and Triezenberg, Heather",2011,exclude,data not valued;review,this reports results from a workshop; examples are not strictly a review but were not applied by the authors,NA,NA,NA,NA,NA,x
Socio-Economic Benefits of Weather and Climate Services in Europe,"Perrels, A. and Frei, {\relax Th}. and Espejo, F. and Jamin, L. and Thomalla, A.",2013,exclude,data not valued,this reports survey results for respondents whether they have applied valuation of socioeconomic benefits to their studies - meta,NA,NA,NA,NA,NA,x
An Assessment of the Value of Seasonal Forecasting Technology for Western Australian Farmers,"Petersen, E.H and Fraser, R.W",2001,include,NA,NA,stochastic programming;optimization;voi,ag production,dollars,climate forecast,agriculture,x
Australian Earth Observation Community Plan 2026,"Phinn, S. and Dekker, A. and Held, A. and Lane, A. and Legresy, B. and Lewis, A. and Lucieer, A. and Ong, C. and Paudyal, D. and Penning, C.",NA,exclude,data not valued,looks like it is more about implementation than valuing the data,NA,NA,NA,NA,NA,NA
The Economic Value of Drought Information for Water Management under Climate Change: A Case Study in the Ebro Basin,"Quiroga, S. and Garrote, L. and Iglesias, A. and {Fern{\'a}ndez-Haddad}, Z. and Schlickenrieder, J. and De Lama, B. and Mosso, C. and {S{\'a}nchez-Arcilla}, A.",2011,include,NA,NA,voi,water management; ag production,NA,climate forecast,water resources; agriculture,x
What Is the Economic Value of Satellite Imagery?,"Raunikar, Ronald P. and Forney, William M. and Benjamin, Susan P.",2013,exclude,review,"voi/bayesian decision theory - agricultural production and groundwater quality via nitrate loading, with and without high-quality info from satellite imagery - but really just a fact sheet referencing other actual studies",voi,avoided nitrate pollution of groundwater; improved crop value,financial,mrli,agriculture; water resources,NA
"Interactive Model for Assessing Mangrove Health, Ecosystem Services, Policy Consequences, and Satellite Design in Rio de Janeiro Using Earth Observation Data","Reida, Jack B. and Wood, Danielle",2020,exclude,data not valued,"causal impacts between evdt components - e.g., environment (eo data) and decision (socioeconomic benefit?).  does not actually calculate value of the data! but presents a framework for using data to inform decisions...",NA,NA,NA,NA,NA,NA
Using Willingness-to-pay to Assess the Economic Value of Weather Forecasts for Multiple Commercial Sectors,"Rollins, Kimberly S. and Shaykewich, Joseph",2003,include,NA,NA,contingent valuation,various,dollars,weather forecast,various,x
A PROFESSIONAL REVIEW FOR INTEGRATION OF EARTH OBSERVATIONS INTO FEWS NET DECISION SUPPORT,"Ross, Kenton W. and Underwood, Lauren W. and Brown, Molly E.",NA,exclude,conference abstract/proceedings,"survey of experts - “professional review questionnaire” - to elicit user requirements and importance of certain data types for famine early warning (fews net) - but see Ross ""Review of fews net biophysical monitoring requirements"" for a published version",expert elicitation,famine early warning,qualitative,various,agriculture; disaster response,NA
Impact of Global Earth Observation - Systemic View across GEOSS Societal Benefit Areas,"Rydzak, Felicjan and Obersteiner, Michael and Kraxner, Florian",2010,include,NA,"felix model is system dynamics model that captures how changes in one area affects other areas, e.g., feedback loops, delays, nonlinear relationships. baseline scenario to compare impact of improvements in geoss across different societal benefit areas",benefit chain; voi,various,various,various,various,NA
Landsat and Water: Case Studies of the Uses and Benefits of Landsat Imagery in Water Resources,"Serbina, Larisa O. and Miller, Holly M.",2014,exclude,data not valued,"describes a lot of case studies of the use of landsat data, and how that data contributes value, but is more a catalog of other efforts which should be mined for original sources",NA,NA,NA,NA,NA,NA
Value of ENSO-Forecasted Drought Information for the Management of Water Resources of Small to Mid-Size Communities,"Sharda, Vaishali and Srivastava, Puneet",2016,include,NA,NA,water management model,drought mitigation,dollars,climate forecast,water resources,x
Enhancing the Application of Earth Observations for Improved Environmental Decision-Making Using the Early Warning eXplorer (EWX),"Shukla, Shraddhanand and Landsfeld, Martin and Anthony, Michelle and Budde, Michael and Husak, Gregory J. and Rowland, James and Funk, Chris",2021,exclude,data not valued,"looks like introduction and application of a dst, and demonstration of how it supports value, but not actually calculating value",NA,NA,NA,NA,NA,NA
Enhancing Access and Usage of Earth Observations in Environmental Decision-Making in Eastern and Southern Africa Through Capacity Building,"Shukla, Shraddhanand and Macharia, Denis and Husak, Gregory J. and Landsfeld, Martin and Nakalembe, Catherine Lilian and Blakeley, S. Lucille and Adams, Emily Caitlin and {Way-Henthorne}, Juliet",2021,exclude,data not valued,"training to improve capacity and technology transfer - pre-assessment,",NA,NA,NA,NA,NA,NA
Valuation of Calibration for Satellite Constellations,"Siddiqi, Afreen and Baber, Sheila and {de Weck}, Olivier L and Durell, Chris and Russell, Brandon and Holt, Jeff",2020,exclude,conference abstract/proceedings; data not valued,"values calibration, not the data itself - slide deck, not paper... looks like voi/bayesian and quality of information in terms of false positive and negative error rates - calibration -> better information -> better decisions.  also “data value chain” from acquisition to decision.  what’s the context?  looks general in context",NA,NA,NA,NA,NA,x
Position Paper: Evaluation Methods and Techniques,"Smart, Alan",2014,exclude,review,"more like a primer on methods, with references to studies where those methods are used.  probably a valuable paper as an overview though!",NA,NA,NA,NA,NA,x
Geographic Microtargeting of Social Assistance with High-Resolution Poverty Maps,"Smythe, Isabella S. and Blumenstock, Joshua E.",2022,include,NA,compares performance of ml/eo based maps survey-based maps for targeting poverty alleviation in nigeria,NA,improved accuracy of targeting poverty,accuracy; households targeted,various,poverty,NA
Engaging Global Youth in Participatory Spatial Data Creation for the UN Sustainable Development Goals: The Case of Open Mapping for Malaria Prevention,"Sol{\'i}s, Patricia and McCusker, Brent and Menkiti, Nwasinachi and Cowan, Nuala and Blevins, Chad",2018,exclude,ESI data not valued,"participatory mapping by youthmappers network, to improve maps to inform things like malaria mitigation? uses phone photos and the like, not eo",NA,NA,NA,NA,NA,NA
The Value of Improved ENSO Prediction to U.S. Agriculture,"Solow, Andrew R and Adams, Richard F and Bryant, Kelly J and Legler, David M and O'Brien, James J and McCARL, BRUCE A and Nayda, William and Weiher, Rodney",1998,include,NA,NA,welfare analysis; voi,ag production,dollars,climate forecast,agriculture,x
A Benefit-Cost Analysis of a Regional Global Ocean Observing System: Seawatch Europe,"Stel, Jan H and Mannix, Brian F",1996,include,NA,"not satellite, bu network of global ocean observing system - cost-benefit analysis, societal benefits relative to cost.  estimates benefits in marine structural design, oil/gas exploration, commercial fisheries, aquaculture, tourism, crisis response, etc.",cost-benefit analysis,various,financial,seawatch network of instruments,various,NA
Quantifying the Human Health Benefits of Using Satellite Information to Detect Cyanobacterial Harmful Algal Blooms and Manage Recreational Advisories in U.S. Lakes,"Stroming, Signe and Robertson, Molly and Mabee, Bethany and Kuwayama, Yusuke and Schaeffer, Blake",2020,include,NA,satellite data used to improve forecasts of habs,voi,"reduced exposure, improved human health",people exposed; financial,sentinel; landsat,human health; water resources,NA
Using Satellite Data to Fill the Gaps in the US Air Pollution Monitoring Network,"Sullivan, Daniel M and Krupnick, Alan",NA,include,NA,"satellite data vs. official determinations of attainment of pm2.5 standards - difference in difference design, estimates impact of misclassification or premature deaths",regression,improved pollution monitoring,lives saved; financial,various,human health,NA
Program Goals for the NASA/NOAA Earth Observation Program Derived from a Stakeholder Value Network Analysis,"Sutherland, Timothy A. and Cameron, Bruce G. and Crawley, Edward F.",2012,exclude,data not valued,"stakeholder value network analysis (questionnaires? how?) to identify needs, objectives, interactions - societal benefits may not be measured, but maybe?  qualitative improvements?",NA,NA,NA,NA,NA,NA
"The Socio-Economic Value of Satellite Earth Observations: Huge, yet to Be Measured","Tassa, Alessandra",2020,exclude,data not valued,"value chain analysis - a framework or general set of methodologies, does not apply the framework but describes the basics",voi; value chain analysis,various,financial; various,sentinel,various,NA
"On-Going European Space Agency Activities on Measuring the Benefits of Earth Observations to Society: Challenges, Achievements and Next Steps","Tassa, Alessandra and Willekens, Stephanie and Lahcen, Arne and Laurich, Laurent and Mathieu, Charlotte",2022,include,NA,"methods to estimate societal benefits - cost-benefit analysis, socioeconomic indicators; mentions case studies in agriculture, cc mitigation, disaster management, public health.",voi,various,various,esa satellites,various,NA
Ten Rules to Increase the Societal Value of Earth Observations,"Virapongse, Arika and Pearlman, Francoise and Pearlman, Jay and Murambadoro, Miriam D. and Kuwayama, Yusuke and Glasscoe, Margaret T.",2020,exclude,data not valued,"provides a framework for *increasing* societal benefit, but not specifically for *measuring* societal benefit of eo data",NA,NA,NA,NA,NA,NA
The Social Innovation Potential of ICT-enabled Citizen Observatories to Increase eParticipation in Local Flood Risk Management,"Wehn, Uta and Evers, Jaap",2015,exclude,ESI data not used,citizen science “citizen observatories” to engagement with flood risk management,NA,NA,NA,NA,NA,NA
Potential Benefits of Coastal Ocean Observing Systems to Alaskan Commercial Fisheries,"Wellman, Katharine F. and Hartley, Marcus",2008,include,NA,"voi/bayesian - how do fisheries management decisions benefit from access to an enhanced coastal ocean observing system, e.g., stock assessment models, reducing uncertainty in management decisions",voi,improvements in fishery management,financial,alaska ocean observation system,ecological conservation,NA
A Bayesian Methodology for Estimating the Impacts of Improved Coastal Ocean Information on the Marine Recreational Fishing Industry,"Wieand, Kenneth",2008,include,NA,NA,voi,fishery production,NA,ocean observing system;hypothetical,fisheries,x
A Skill Score Based on Economic Value for Probability Forecasts,"Wilks, D S",2001,include,NA,"""value score"" sounds like a voi normalized by perfect information: ""as a percentage improvement in value between climatological and perfect information; as a function of the cost/loss ratio, for 0 < c/l < 1.",cost/loss problem,hypothetical,NA,hypothetical weather forecast,hypothetical,x
The Socioeconomic Benefits of Earth Science and Applications Research: Reducing the Risks and Costs of Natural Disasters in the USA,"Williamson, Ray A and Hertzfeld, Henry R and Cordes, Joseph and Logsdon, John M",2002,exclude,ESI data not valued,"cost-benefit analysis, reduction in economic losses and risks associated with disasters.  this seems to be generalized to just earth science research and forecasting models,? but not from any particular instance or type of eo data.",NA,NA,NA,NA,NA,NA
Cloud Services with Big Data Provide a Solution for Monitoring and Tracking Sustainable Development Goals,"Wu, Bingfang and Tian, Fuyou and Zhang, Miao and Zeng, Hongwei and Zeng, Yuan",2020,exclude,data not valued,NA,NA,NA,NA,NA,NA,NA
Satellite Earth Observation Value Added Services in the Nigerian Economy,Zahrah Naankwat Musa} and {Halilu A. Shaba,2010,exclude,data not valued,NA,NA,NA,NA,NA,NA,NA
Assimilation of GRACE Terrestrial Water Storage Data into a Land Surface Model: Results for the Mississippi River Basin,"Zaitchik, Benjamin F. and Rodell, Matthew and Reichle, Rolf H.",2008,exclude,data not valued,NA,NA,NA,NA,NA,NA,NA
A User-Driven Approach to Determining Critical Earth Observation Priorities for Societal Benefit,"Zell, Erica and Huff, Amy K. and Carpenter, Adam T. and Friedl, Lawrence A.",2012,exclude,data not valued,keep in mind for identifying gaps later on - papers that present priorities compared to implementations,NA,NA,NA,NA,NA,NA
Future Earth Observation Strategy for Societal Benefits,"Zhou, Guoqing and Baysal, O.",2005,exclude,data not valued,describing value of future satellite observation system for various use cases.  does not actually calculate value - mentions how data could drive benefits but no actual value calculation,NA,NA,NA,NA,NA,NA
Benefits of the Free and Open Landsat Data Policy,"Zhu, Zhe and Wulder, Michael A. and Roy, David P. and Woodcock, Curtis E. and Hansen, Matthew C. and Radeloff, Volker C. and Healey, Sean P. and Schaaf, Crystal and Hostert, Patrick and Strobl, Peter and Pekel, Jean-Francois and Lymburner, Leo and Pahlevan, Nima and Scambos, Ted A.",2019,exclude,review; data not valued,"describes benefits of free and open access to landsat imagery - more downloads, more publications, more uptake for research; also describes economic benefits, but referring to papers elsewhere that did those analyses",NA,greater uptake of landsat for academic studies,publications,landsat,various,NA
Economic Value of Environmental and Weather Information for Agricultural Decisions - A Case Study for Oklahoma Mesonet,"Ziolkowska, Jadwiga R.",2018,include,NA,NA,utility value;voi,ag production,dollars,mesonet,agriculture,x
Benefits and Beneficiaries of the Oklahoma Mesonet: A Multisectoral Ripple Effect Analysis,"Ziolkowska, Jadwiga R. and Fiebrich, Christopher A. and Carlson, J. D. and Melvin, Andrea D. and Sutherland, Albert J. and Kloesel, Kevin A. and McManus, Gary D. and Illston, Bradley G. and Hocker, James E. and Reyes, Reuben",2017,exclude,data not valued,"oklahoma mesonet network of weather stations - not satellite, but still eo?  benefits for improving predictions of extreme weather events - but these are not measured in this paper, but documented elsewhere and mentioned here?",NA,NA,NA,NA,NA,NA
