given,family,sequence,affiliation,doi,ORCID,authenticated-orcid,error,name,suffix
Václav,Šafář,first,NA,10.7160/aol.2022.140109,NA,NA,NA,NA,NA
Karel,Charvát,additional,NA,10.7160/aol.2022.140109,NA,NA,NA,NA,NA
Tomáš,Mildorf,additional,NA,10.7160/aol.2022.140109,NA,NA,NA,NA,NA
Patrick,Crehan,additional,NA,10.7160/aol.2022.140109,NA,NA,NA,NA,NA
David,Kolitzus,additional,NA,10.7160/aol.2022.140109,NA,NA,NA,NA,NA
Tomas,Orlickas,additional,NA,10.7160/aol.2022.140109,NA,NA,NA,NA,NA
Martynas,Rimgaila,additional,NA,10.7160/aol.2022.140109,NA,NA,NA,NA,NA
Aušrius,Kučinskas,additional,NA,10.7160/aol.2022.140109,NA,NA,NA,NA,NA
Salomėja,Rybokienė,additional,NA,10.7160/aol.2022.140109,NA,NA,NA,NA,NA
Šárka,Horáková,additional,NA,10.7160/aol.2022.140109,NA,NA,NA,NA,NA
Hana,Kubíčková,additional,NA,10.7160/aol.2022.140109,NA,NA,NA,NA,NA
Richard M,Adams,first,NA,https://doi.org/10.1016/s0168-1923(02)00201-0,NA,NA,NA,NA,NA
Laurie L,Houston,additional,NA,https://doi.org/10.1016/s0168-1923(02)00201-0,NA,NA,NA,NA,NA
Bruce A,McCarl,additional,NA,https://doi.org/10.1016/s0168-1923(02)00201-0,NA,NA,NA,NA,NA
Mario,Tiscareño L,additional,NA,https://doi.org/10.1016/s0168-1923(02)00201-0,NA,NA,NA,NA,NA
Jaime,Matus G,additional,NA,https://doi.org/10.1016/s0168-1923(02)00201-0,NA,NA,NA,NA,NA
Rodney F,Weiher,additional,NA,https://doi.org/10.1016/s0168-1923(02)00201-0,NA,NA,NA,NA,NA
Richard M.,Adams,first,NA,https://doi.org/10.1111/j.1465-7287.1995.tb00720.x,NA,NA,NA,NA,NA
Kelly J.,Bryant,additional,NA,https://doi.org/10.1111/j.1465-7287.1995.tb00720.x,NA,NA,NA,NA,NA
Bruce A.,Mccarl,additional,NA,https://doi.org/10.1111/j.1465-7287.1995.tb00720.x,NA,NA,NA,NA,NA
David M.,Legler,additional,NA,https://doi.org/10.1111/j.1465-7287.1995.tb00720.x,NA,NA,NA,NA,NA
James,O'Brien,additional,NA,https://doi.org/10.1111/j.1465-7287.1995.tb00720.x,NA,NA,NA,NA,NA
Andrew,Solow,additional,NA,https://doi.org/10.1111/j.1465-7287.1995.tb00720.x,NA,NA,NA,NA,NA
Rodney,Weiher,additional,NA,https://doi.org/10.1111/j.1465-7287.1995.tb00720.x,NA,NA,NA,NA,NA
Adison,Altamirano,first,"Landscape Ecology and Conservation Lab, Departamento de Ciencias Forestales, Universidad de La Frontera, P.O. Box 54-D, Temuco 4780000, Chile",10.3390/land9090306,NA,NA,NA,NA,NA
Adison,Altamirano,first,"Butamallin Research Center for Global Change, Facultad de Ciencias Agropecuarias y Forestales, Universidad de La Frontera, P.O. Box 54-D, Temuco 4780000, Chile",10.3390/land9090306,NA,NA,NA,NA,NA
Adison,Altamirano,first,"Center for Climate and Resilience Research (CR2), Universidad de Chile, Santiago 8370449, Chile",10.3390/land9090306,NA,NA,NA,NA,NA
Carolina,Gonzalez-Suhr,additional,"Departamento de Administración y Economía, Facultad de Ciencias Jurídicas y Empresariales, Universidad de La Frontera, P.O. Box 54-D, Temuco 4780000, Chile",10.3390/land9090306,https://orcid.org/0000-0003-4397-297X,FALSE,NA,NA,NA
Caroline,Marien,additional,"Division Forest, Nature &amp; Landscape KU Leuven, 30001 Leuven, Belgium",10.3390/land9090306,NA,NA,NA,NA,NA
Germán,Catalán,additional,"Landscape Ecology and Conservation Lab, Departamento de Ciencias Forestales, Universidad de La Frontera, P.O. Box 54-D, Temuco 4780000, Chile",10.3390/land9090306,https://orcid.org/0000-0002-9903-7481,FALSE,NA,NA,NA
Germán,Catalán,additional,"Doctorado en Ciencias Agroalimentarias y Medioambiente, Facultad de Ciencias Agropecuarias y Forestales, Universidad de La Frontera, P.O. Box 54-D, Temuco 4780000, Chile",10.3390/land9090306,https://orcid.org/0000-0002-9903-7481,FALSE,NA,NA,NA
Alejandro,Miranda,additional,"Landscape Ecology and Conservation Lab, Departamento de Ciencias Forestales, Universidad de La Frontera, P.O. Box 54-D, Temuco 4780000, Chile",10.3390/land9090306,NA,NA,NA,NA,NA
Alejandro,Miranda,additional,"Center for Climate and Resilience Research (CR2), Universidad de Chile, Santiago 8370449, Chile",10.3390/land9090306,NA,NA,NA,NA,NA
Marco,Prado,additional,"Landscape Ecology and Conservation Lab, Departamento de Ciencias Forestales, Universidad de La Frontera, P.O. Box 54-D, Temuco 4780000, Chile",10.3390/land9090306,NA,NA,NA,NA,NA
Laurent,Tits,additional,"Division Forest, Nature &amp; Landscape KU Leuven, 30001 Leuven, Belgium",10.3390/land9090306,NA,NA,NA,NA,NA
Laurent,Tits,additional,"VITO Remote Sensing, Boeretang 200, 2400 Mol, Belgium",10.3390/land9090306,NA,NA,NA,NA,NA
Lorena,Vieli,additional,"Butamallin Research Center for Global Change, Facultad de Ciencias Agropecuarias y Forestales, Universidad de La Frontera, P.O. Box 54-D, Temuco 4780000, Chile",10.3390/land9090306,NA,NA,NA,NA,NA
Lorena,Vieli,additional,"Departamento de Ciencias Agronómicas y Recursos Naturales, Facultad de Ciencias Agropecuarias y Forestales, Universidad de La Frontera, P.O. Box 54-D, Temuco 4780000, Chile",10.3390/land9090306,NA,NA,NA,NA,NA
Lorena,Vieli,additional,"Center of Applied Ecology and Sustainability (CAPES), Santiago 8331150, Chile",10.3390/land9090306,NA,NA,NA,NA,NA
Paula,Meli,additional,"Landscape Ecology and Conservation Lab, Departamento de Ciencias Forestales, Universidad de La Frontera, P.O. Box 54-D, Temuco 4780000, Chile",10.3390/land9090306,https://orcid.org/0000-0001-5390-7552,FALSE,NA,NA,NA
Cocou Jaurès,Amegnaglo,first,NA,http://dx.doi.org/10.1016/j.cliser.2017.06.007,NA,NA,NA,NA,NA
Kwabena Asomanin,Anaman,additional,NA,http://dx.doi.org/10.1016/j.cliser.2017.06.007,NA,NA,NA,NA,NA
Akwasi,Mensah-Bonsu,additional,NA,http://dx.doi.org/10.1016/j.cliser.2017.06.007,NA,NA,NA,NA,NA
Edwards Ebo,Onumah,additional,NA,http://dx.doi.org/10.1016/j.cliser.2017.06.007,NA,NA,NA,NA,NA
Fulbert,Amoussouga Gero,additional,NA,http://dx.doi.org/10.1016/j.cliser.2017.06.007,NA,NA,NA,NA,NA
Raimi Abidemi,Asiyanbola,first,NA,10.4314/sajg.v7i1.3,NA,NA,NA,NA,NA
Hassan,Awada,first,NA,10.1016/j.jag.2018.10.016,https://orcid.org/0000-0002-4022-2746,FALSE,NA,NA,NA
Giuseppe,Ciraolo,additional,NA,10.1016/j.jag.2018.10.016,https://orcid.org/0000-0001-8032-4571,FALSE,NA,NA,NA
Antonino,Maltese,additional,NA,10.1016/j.jag.2018.10.016,NA,NA,NA,NA,NA
Giuseppe,Provenzano,additional,NA,10.1016/j.jag.2018.10.016,NA,NA,NA,NA,NA
Miguel Angel,Moreno Hidalgo,additional,NA,10.1016/j.jag.2018.10.016,https://orcid.org/0000-0002-5940-6123,FALSE,NA,NA,NA
Juan Ignacio,Còrcoles,additional,NA,10.1016/j.jag.2018.10.016,NA,NA,NA,NA,NA
Bruce A.,Babcock,first,Department of Economics and Business North Carolina State University,https://doi.org/10.2307/1243145,NA,NA,NA,NA,NA
Jacopo,Bacenetti,first,NA,10.1016/j.scitotenv.2020.136956,https://orcid.org/0000-0002-9188-4475,FALSE,NA,NA,NA
Livia,Paleari,additional,NA,10.1016/j.scitotenv.2020.136956,NA,NA,NA,NA,NA
Sofia,Tartarini,additional,NA,10.1016/j.scitotenv.2020.136956,NA,NA,NA,NA,NA
Fosco M.,Vesely,additional,NA,10.1016/j.scitotenv.2020.136956,NA,NA,NA,NA,NA
Marco,Foi,additional,NA,10.1016/j.scitotenv.2020.136956,NA,NA,NA,NA,NA
Ermes,Movedi,additional,NA,10.1016/j.scitotenv.2020.136956,NA,NA,NA,NA,NA
Riccardo A.,Ravasi,additional,NA,10.1016/j.scitotenv.2020.136956,NA,NA,NA,NA,NA
Valeria,Bellopede,additional,NA,10.1016/j.scitotenv.2020.136956,NA,NA,NA,NA,NA
Stefano,Durello,additional,NA,10.1016/j.scitotenv.2020.136956,NA,NA,NA,NA,NA
Carlo,Ceravolo,additional,NA,10.1016/j.scitotenv.2020.136956,NA,NA,NA,NA,NA
Francesca,Amicizia,additional,NA,10.1016/j.scitotenv.2020.136956,NA,NA,NA,NA,NA
Roberto,Confalonieri,additional,NA,10.1016/j.scitotenv.2020.136956,NA,NA,NA,NA,NA
Jonathan F.,Bard,first,NA,10.1016/0040-1625(83)90003-3,NA,NA,NA,NA,NA
Ann,Watkins,additional,NA,10.1016/0040-1625(83)90003-3,NA,NA,NA,NA,NA
Jared,Berenter,first,"Uxeda Data Collection Resources LLC, Baltimore, MD 21218, USA",10.3390/su132112077,NA,NA,NA,NA,NA
Isaac,Morrison,additional,"Uxeda Data Collection Resources LLC, Baltimore, MD 21218, USA",10.3390/su132112077,NA,NA,NA,NA,NA
Julie M.,Mueller,additional,"School of Earth and Sustainability, The W.A. Franke College of Business, Northern Arizona University, Flagstaff, AZ 86011, USA",10.3390/su132112077,NA,NA,NA,NA,NA
Even,Bergseng,first,NA,10.1007/s13595-014-0389-x,NA,NA,NA,NA,NA
Hans Ole,Ørka,additional,NA,10.1007/s13595-014-0389-x,NA,NA,NA,NA,NA
Erik,Næsset,additional,NA,10.1007/s13595-014-0389-x,NA,NA,NA,NA,NA
Terje,Gobakken,additional,NA,10.1007/s13595-014-0389-x,NA,NA,NA,NA,NA
NA,NA,NA,NA,10.1201/b20712,NA,NA,try error,NA,NA
Richard L.,Bernknopf,first,NA,10.1007/978-94-007-4839-2_10,NA,NA,NA,NA,NA
William M.,Forney,additional,NA,10.1007/978-94-007-4839-2_10,NA,NA,NA,NA,NA
Ronald P.,Raunikar,additional,NA,10.1007/978-94-007-4839-2_10,NA,NA,NA,NA,NA
Shruti K.,Mishra,additional,NA,10.1007/978-94-007-4839-2_10,NA,NA,NA,NA,NA
Richard,Bernknopf,first,"Department of Economics, University of New Mexico, Albuquerque, New Mexico",10.1175/wcas-d-16-0044.1,NA,NA,NA,NA,NA
David,Brookshire,first,"Department of Economics, University of New Mexico, Albuquerque, New Mexico",10.1175/wcas-d-16-0044.1,NA,NA,NA,NA,NA
Yusuke,Kuwayama,additional,"Resources for the Future, Washington, D.C.",10.1175/wcas-d-16-0044.1,NA,NA,NA,NA,NA
Molly,Macauley,additional,"Resources for the Future, Washington, D.C.",10.1175/wcas-d-16-0044.1,NA,NA,NA,NA,NA
Matthew,Rodell,additional,"NASA Goddard Space Flight Center, Greenbelt, Maryland",10.1175/wcas-d-16-0044.1,NA,NA,NA,NA,NA
Alexandra,Thompson,additional,"Resources for the Future, Washington, D.C.",10.1175/wcas-d-16-0044.1,NA,NA,NA,NA,NA
Peter,Vail,additional,"Resources for the Future, Washington, D.C.",10.1175/wcas-d-16-0044.1,NA,NA,NA,NA,NA
Benjamin,Zaitchik,additional,"Department of Earth and Planetary Sciences, Johns Hopkins University, Baltimore, Maryland",10.1175/wcas-d-16-0044.1,NA,NA,NA,NA,NA
Richard,Bernknopf,first,"Department of Economics, University of New Mexico, Albuquerque, NM 87131-0001, USA",https://doi.org/10.3390/ijgi4031142,NA,NA,NA,NA,NA
Carl,Shapiro,additional,"Science and Decisions Center, United States Geological Survey, 12201 Sunrise Valley Drive, Mail Stop 913, Reston, VA 20192-0002, USA",https://doi.org/10.3390/ijgi4031142,NA,NA,NA,NA,NA
NA,NA,NA,NA,https://media.rff.org/documents/earth_observations_can_enable_cost-effective_conservation_of._bm_rb_ld.pdf,NA,NA,try error,NA,NA
Richard L.,Bernknopf,first,NA,https://doi.org/10.1006/jeem.1996.0963,NA,NA,NA,NA,NA
David S.,Brookshire,additional,NA,https://doi.org/10.1006/jeem.1996.0963,NA,NA,NA,NA,NA
Michael,McKee,additional,NA,https://doi.org/10.1006/jeem.1996.0963,NA,NA,NA,NA,NA
David R.,Soller,additional,NA,https://doi.org/10.1006/jeem.1996.0963,NA,NA,NA,NA,NA
NA,NA,NA,NA,https://pubs.usgs.gov/pp/1683/,NA,NA,try error,NA,NA
Pete,Bettinger,first,"Warnell School of Forestry and Natural Resources, University of Georgia, Athens, GA 30602, USA",10.3390/f12101367,https://orcid.org/0000-0002-5454-3970,FALSE,NA,NA,NA
Krista,Merry,additional,"Warnell School of Forestry and Natural Resources, University of Georgia, Athens, GA 30602, USA",10.3390/f12101367,https://orcid.org/0000-0001-6450-2286,FALSE,NA,NA,NA
Alba Rocio Gutierrez,Garzon,additional,"Independent Researcher, Summerville, SC 29483, USA",10.3390/f12101367,NA,NA,NA,NA,NA
Taeyoon,Lee,additional,"Warnell School of Forestry and Natural Resources, University of Georgia, Athens, GA 30602, USA",10.3390/f12101367,NA,NA,NA,NA,NA
Jacek,Siry,additional,"Warnell School of Forestry and Natural Resources, University of Georgia, Athens, GA 30602, USA",10.3390/f12101367,NA,NA,NA,NA,NA
Steve,McNulty,additional,"Southern Research Station, U.S. Forest Service, Research Triangle Park, Asheville, NC 27709, USA",10.3390/f12101367,https://orcid.org/0000-0003-4518-5646,FALSE,NA,NA,NA
Michael,Gavazzi,additional,"Southern Research Station, U.S. Forest Service, Research Triangle Park, Asheville, NC 27709, USA",10.3390/f12101367,NA,NA,NA,NA,NA
Ihtiyor,Bobojonov,first,NA,10.1080/17565529.2013.844676,NA,NA,NA,NA,NA
Aden,Aw-Hassan,additional,NA,10.1080/17565529.2013.844676,NA,NA,NA,NA,NA
Rolf,Sommer,additional,NA,10.1080/17565529.2013.844676,NA,NA,NA,NA,NA
Mariel,Borowitz,first,NA,10.1017/dap.2023.12,https://orcid.org/0000-0001-5238-2037,FALSE,NA,NA,NA
Janet,Zhou,additional,NA,10.1017/dap.2023.12,NA,NA,NA,NA,NA
Krystal,Azelton,additional,NA,10.1017/dap.2023.12,NA,NA,NA,NA,NA
Isabelle-Yara,Nassar,additional,NA,10.1017/dap.2023.12,NA,NA,NA,NA,NA
Sid-Ahmed,Boukabara,first,"NOAA/NESDIS/Office of Systems Architecture and Advanced Planning, Silver Spring, Maryland;",10.1175/bams-d-22-0004.1,NA,NA,NA,NA,NA
Ross N.,Hoffman,additional,"NOAA/NESDIS/Center for Satellite Applications and Research (STAR), and Cooperative Institute for Satellite Earth System Studies, University of Maryland, College Park, College Park, Maryland",10.1175/bams-d-22-0004.1,NA,NA,NA,NA,NA
J.A.,Bouma,first,NA,10.1016/j.jenvman.2008.07.016,NA,NA,NA,NA,NA
H.J.,van der Woerd,additional,NA,10.1016/j.jenvman.2008.07.016,NA,NA,NA,NA,NA
O.J.,Kuik,additional,NA,10.1016/j.jenvman.2008.07.016,NA,NA,NA,NA,NA
NA,NA,NA,NA,https://research.vu.nl/ws/portalfiles/portal/2607929/boumakuikvanderwoerddekker+final.pdf,NA,NA,try error,NA,NA
Jetske A.,Bouma,first,NA,10.1016/j.scitotenv.2011.07.023,NA,NA,NA,NA,NA
Onno,Kuik,additional,NA,10.1016/j.scitotenv.2011.07.023,NA,NA,NA,NA,NA
Arnold G.,Dekker,additional,NA,10.1016/j.scitotenv.2011.07.023,NA,NA,NA,NA,NA
NA,NA,NA,NA,https://research.vu.nl/ws/portalfiles/portal/2608005/235180.pdf,NA,NA,try error,NA,NA
Ahmed,Bounfour,first,NA,10.1016/s0265-9646(99)00025-9,NA,NA,NA,NA,NA
Eric F.,Lambin,additional,NA,10.1016/s0265-9646(99)00025-9,NA,NA,NA,NA,NA
Doreen S.,Boyd,first,"School of Geography, University of Nottingham, Nottingham, UK",10.1080/01431161.2022.2076574,NA,NA,NA,NA,NA
Doreen S.,Boyd,first,"Rights Lab, University of Nottingham, Nottingham, UK",10.1080/01431161.2022.2076574,NA,NA,NA,NA,NA
Giles M.,Foody,additional,"School of Geography, University of Nottingham, Nottingham, UK",10.1080/01431161.2022.2076574,NA,NA,NA,NA,NA
Giles M.,Foody,additional,"Rights Lab, University of Nottingham, Nottingham, UK",10.1080/01431161.2022.2076574,NA,NA,NA,NA,NA
Chloe,Brown,additional,"Rights Lab, University of Nottingham, Nottingham, UK",10.1080/01431161.2022.2076574,NA,NA,NA,NA,NA
Suvodeep,Mazumdar,additional,"The Information School, The University of Sheffield, Sheffield, UK",10.1080/01431161.2022.2076574,NA,NA,NA,NA,NA
Harry,Marshall,additional,"Rights Lab, University of Nottingham, Nottingham, UK",10.1080/01431161.2022.2076574,NA,NA,NA,NA,NA
Jessica,Wardlaw,additional,"Natural History Museum, South Kensington, London, UK",10.1080/01431161.2022.2076574,NA,NA,NA,NA,NA
Joy,Brathwaite,first,NA,10.1016/j.actaastro.2012.10.036,NA,NA,NA,NA,NA
Joseph H.,Saleh,additional,NA,10.1016/j.actaastro.2012.10.036,NA,NA,NA,NA,NA
Daniel J.,Bridges,first,NA,10.1186/s12936-018-2236-2,NA,NA,NA,NA,NA
Derek,Pollard,additional,NA,10.1186/s12936-018-2236-2,NA,NA,NA,NA,NA
Anna M.,Winters,additional,NA,10.1186/s12936-018-2236-2,NA,NA,NA,NA,NA
Benjamin,Winters,additional,NA,10.1186/s12936-018-2236-2,NA,NA,NA,NA,NA
Chadwick,Sikaala,additional,NA,10.1186/s12936-018-2236-2,NA,NA,NA,NA,NA
Silvia,Renn,additional,NA,10.1186/s12936-018-2236-2,NA,NA,NA,NA,NA
David A.,Larsen,additional,NA,10.1186/s12936-018-2236-2,NA,NA,NA,NA,NA
Marta,Bruno Soares,first,NA,https://doi.org/10.5194/asr-14-175-2017,http://orcid.org/0000-0003-3127-4461,FALSE,NA,NA,NA
Alexander,Bürgin,first,Department of Political Science and International Relations Izmir University of Economics  Izmir Turkey,10.1002/eet.1877,https://orcid.org/0000-0002-1642-8429,FALSE,NA,NA,NA
Victor E.,Cabrera,first,NA,https://doi.org/10.1016/j.agsy.2006.04.005,NA,NA,NA,NA,NA
David,Letson,additional,NA,https://doi.org/10.1016/j.agsy.2006.04.005,NA,NA,NA,NA,NA
Guillermo,Podestá,additional,NA,https://doi.org/10.1016/j.agsy.2006.04.005,NA,NA,NA,NA,NA
NA,NA,first,NA,http://dx.doi.org/10.12695/ajtm.2021.14.1.2,NA,NA,NA,"Center for Aerospace Policy Studies, National Institute of Aeronautics and Space (LAPAN), Indonesia",NA
Shinta Rahma,Diana,first,NA,http://dx.doi.org/10.12695/ajtm.2021.14.1.2,NA,NA,NA,NA,NA
Farida,Farida,additional,NA,http://dx.doi.org/10.12695/ajtm.2021.14.1.2,NA,NA,NA,NA,NA
NA,NA,additional,NA,http://dx.doi.org/10.12695/ajtm.2021.14.1.2,NA,NA,NA,"Faculty of Economics and Bussiness, UPI, YAI, Indonesia",NA
Anjan,Chamuah,first,NA,10.1007/s42452-019-1901-6,https://orcid.org/0000-0002-5113-280X,FALSE,NA,NA,NA
Rajbeer,Singh,additional,NA,10.1007/s42452-019-1901-6,NA,NA,NA,NA,NA
Chi-Chung,Chen,first,NA,https://doi.org/10.1023/a:1016160218221,NA,NA,NA,NA,NA
Bruce,McCarl,additional,NA,https://doi.org/10.1023/a:1016160218221,NA,NA,NA,NA,NA
Harvey,Hill,additional,NA,https://doi.org/10.1023/a:1016160218221,NA,NA,NA,NA,NA
B. R.,Christensen,first,NA,10.1186/s40490-015-0044-9,NA,NA,NA,NA,NA
Fabrice,Collard,first,NA,10.1080/00036846.2010.526581,NA,NA,NA,NA,NA
Carole,Haritchabalet,additional,NA,10.1080/00036846.2010.526581,NA,NA,NA,NA,NA
Mia,Colloredo-Mansfeld,first,"Department of Geography, University of North Carolina at Chapel Hill, Chapel Hill, NC 27514, USA",10.3390/drones4040062,NA,NA,NA,NA,NA
Francisco J.,Laso,additional,"Department of Geography, University of North Carolina at Chapel Hill, Chapel Hill, NC 27514, USA",10.3390/drones4040062,https://orcid.org/0000-0001-6909-2634,FALSE,NA,NA,NA
Javier,Arce-Nazario,additional,"Department of Geography, University of North Carolina at Chapel Hill, Chapel Hill, NC 27514, USA",10.3390/drones4040062,https://orcid.org/0000-0002-4051-575X,FALSE,NA,NA,NA
NA,NA,NA,NA,10.1080/14693062.2015.1110109 and ce and real option value and social cost of carbon and value of information and united states and carbon emission and decision making and emission control and environmental economics and environmental policy,NA,NA,try error,NA,NA
Roger,Cooke,first,NA,https://doi.org/10.1007/s10669-019-09748-w,NA,NA,NA,NA,NA
Alexander,Golub,additional,NA,https://doi.org/10.1007/s10669-019-09748-w,NA,NA,NA,NA,NA
Roger,Cooke,first,NA,10.1007/s10669-013-9451-8,NA,NA,NA,NA,NA
Bruce A.,Wielicki,additional,NA,10.1007/s10669-013-9451-8,NA,NA,NA,NA,NA
David F.,Young,additional,NA,10.1007/s10669-013-9451-8,NA,NA,NA,NA,NA
Martin G.,Mlynczak,additional,NA,10.1007/s10669-013-9451-8,NA,NA,NA,NA,NA
Richard M.,Adams,additional,Oregon State University,https://dx.doi.org/10.2307/1244062,NA,NA,NA,NA,NA
Stephen,Polasky,additional,Oregon State University,https://dx.doi.org/10.2307/1244062,NA,NA,NA,NA,NA
Luisa,Cristini,first,NA,http://dx.doi.org/10.1016/j.marpol.2016.05.029,NA,NA,NA,NA,NA
Richard S.,Lampitt,additional,NA,http://dx.doi.org/10.1016/j.marpol.2016.05.029,NA,NA,NA,NA,NA
Vanessa,Cardin,additional,NA,http://dx.doi.org/10.1016/j.marpol.2016.05.029,NA,NA,NA,NA,NA
Eric,Delory,additional,NA,http://dx.doi.org/10.1016/j.marpol.2016.05.029,NA,NA,NA,NA,NA
Peter,Haugan,additional,NA,http://dx.doi.org/10.1016/j.marpol.2016.05.029,NA,NA,NA,NA,NA
Nick,O'Neill,additional,NA,http://dx.doi.org/10.1016/j.marpol.2016.05.029,NA,NA,NA,NA,NA
George,Petihakis,additional,NA,http://dx.doi.org/10.1016/j.marpol.2016.05.029,NA,NA,NA,NA,NA
Henry A.,Ruhl,additional,NA,http://dx.doi.org/10.1016/j.marpol.2016.05.029,NA,NA,NA,NA,NA
François,Destandau,first,NA,http://dx.doi.org/10.4236/jwarp.2016.88062,NA,NA,NA,NA,NA
Amadou Pascal,Diop,additional,NA,http://dx.doi.org/10.4236/jwarp.2016.88062,NA,NA,NA,NA,NA
François,Destandau,first,NA,https://doi.org/10.1016/j.wre.2020.100156,NA,NA,NA,NA,NA
Youssef,Zaiter,additional,NA,https://doi.org/10.1016/j.wre.2020.100156,NA,NA,NA,NA,NA
Giulio,Di Lallo,first,"DiBT Department of Bioscience and Territory, University of Molise, Contrada Fonte Lappone snc, I-86090 Pesche, Isernia, Italy",10.3390/f8080271,https://orcid.org/0000-0002-1908-5177,FALSE,NA,NA,NA
Giulio,Di Lallo,first,"Institute for World Forestry, University of Hamburg, Leuschnerstr. 91, 21031 Hamburg, Germany",10.3390/f8080271,https://orcid.org/0000-0002-1908-5177,FALSE,NA,NA,NA
Giulio,Di Lallo,first,"The EFI Project Centre SURF—Supporting the Global Implementation of REDD+ and FLEGT, Institute for World Forestry, University of Hamburg, Leuschnerstr. 91, 21031 Hamburg, Germany",10.3390/f8080271,https://orcid.org/0000-0002-1908-5177,FALSE,NA,NA,NA
Philip,Mundhenk,additional,"Institute for World Forestry, University of Hamburg, Leuschnerstr. 91, 21031 Hamburg, Germany",10.3390/f8080271,NA,NA,NA,NA,NA
Marco,Marchetti,additional,"DiBT Department of Bioscience and Territory, University of Molise, Contrada Fonte Lappone snc, I-86090 Pesche, Isernia, Italy",10.3390/f8080271,https://orcid.org/0000-0002-5275-5769,FALSE,NA,NA,NA
Michael,Köhl,additional,"Institute for World Forestry, University of Hamburg, Leuschnerstr. 91, 21031 Hamburg, Germany",10.3390/f8080271,NA,NA,NA,NA,NA
Michael,Köhl,additional,"The EFI Project Centre SURF—Supporting the Global Implementation of REDD+ and FLEGT, Institute for World Forestry, University of Hamburg, Leuschnerstr. 91, 21031 Hamburg, Germany",10.3390/f8080271,NA,NA,NA,NA,NA
Iason,Diafas,first,Baarsjesweg 271/3 Amsterdam Netherlands,https://doi.org/10.2136/vzj2012.0198,NA,NA,NA,NA,NA
Panos,Panagos,additional,"European Commission, Joint Research Centre Institute for Environment and Sustainability Via E. Fermi 2749 I‐21027 Ispra (VA) Italy",https://doi.org/10.2136/vzj2012.0198,NA,NA,NA,NA,NA
Luca,Montanarella,additional,"European Commission, Joint Research Centre Institute for Environment and Sustainability Via E. Fermi 2749 I‐21027 Ispra (VA) Italy",https://doi.org/10.2136/vzj2012.0198,NA,NA,NA,NA,NA
Shinta Rahma,Diana,first,NA,10.1108/agjsr-02-2023-0056,http://orcid.org/0000-0002-5205-521X,FALSE,NA,NA,NA
Farida,Farida,additional,NA,10.1108/agjsr-02-2023-0056,http://orcid.org/0000-0001-5891-1323,FALSE,NA,NA,NA
Shinta Rahma,Diana,first,NA,https://doi.org/10.20525/ijrbs.v9i7.941,NA,NA,NA,NA,NA
Ida Musdafia,Ibrahim,additional,NA,https://doi.org/10.20525/ijrbs.v9i7.941,http://orcid.org/0000-0001-9444-788X,FALSE,NA,NA,NA
Esther,Diez,first,NA,10.1016/j.envsoft.2010.04.003,NA,NA,NA,NA,NA
Brian S.,McIntosh,additional,NA,10.1016/j.envsoft.2010.04.003,NA,NA,NA,NA,NA
Hala M.I.,Ebaid,first,NA,10.1016/j.jare.2010.09.002,NA,NA,NA,NA,NA
Sherine S.,Ismail,additional,NA,10.1016/j.jare.2010.09.002,NA,NA,NA,NA,NA
Salla,Eilola,first,NA,10.1016/j.landusepol.2021.105649,NA,NA,NA,NA,NA
Niina,Käyhkö,additional,NA,10.1016/j.landusepol.2021.105649,https://orcid.org/0000-0003-2482-5085,FALSE,NA,NA,NA
Nora,Fagerholm,additional,NA,10.1016/j.landusepol.2021.105649,https://orcid.org/0000-0001-5020-0746,FALSE,NA,NA,NA
Young Sook,Eom,first,NA,10.1016/j.spacepol.2013.06.003,NA,NA,NA,NA,NA
Jong Ho,Hong,additional,NA,10.1016/j.spacepol.2013.06.003,NA,NA,NA,NA,NA
Jonathan R. B.,Fisher,first,"The Nature Conservancy 4245 N Fairfax Dr, STE 100 Arlington Virginia 22203 USA",10.1002/rse2.61,https://orcid.org/0000-0001-5094-9730,FALSE,NA,NA,NA
Eileen A.,Acosta,additional,"The Nature Conservancy 4245 N Fairfax Dr, STE 100 Arlington Virginia 22203 USA",10.1002/rse2.61,NA,NA,NA,NA,NA
P. James,Dennedy‐Frank,additional,"Department of Earth System Science Stanford University 473 Via Ortega, Room 140 Stanford California 94305 USA",10.1002/rse2.61,NA,NA,NA,NA,NA
Timm,Kroeger,additional,"The Nature Conservancy 4245 N Fairfax Dr, STE 100 Arlington Virginia 22203 USA",10.1002/rse2.61,NA,NA,NA,NA,NA
Timothy M.,Boucher,additional,"The Nature Conservancy 4245 N Fairfax Dr, STE 100 Arlington Virginia 22203 USA",10.1002/rse2.61,NA,NA,NA,NA,NA
P. D.,Fisher,first,NA,10.1071/cp08347,NA,NA,NA,NA,NA
M.,Abuzar,additional,NA,10.1071/cp08347,NA,NA,NA,NA,NA
M. A.,Rab,additional,NA,10.1071/cp08347,NA,NA,NA,NA,NA
F.,Best,additional,NA,10.1071/cp08347,NA,NA,NA,NA,NA
S.,Chandra,additional,NA,10.1071/cp08347,NA,NA,NA,NA,NA
J. K.,Fletcher,first,"University of Leeds, and National Centre for Atmospheric Science, Leeds, United Kingdom;",10.1175/bams-d-21-0156.1,NA,NA,NA,NA,NA
C. A.,Diop,additional,"Agence Nationale de l’Aviation Civile et de la Météorologie, Dakar, Senegal;",10.1175/bams-d-21-0156.1,NA,NA,NA,NA,NA
E.,Adefisan,additional,"African Centre of Meteorological Application for Development, Niamey, and Federal University of Technology Akure, Akura, Nigeria;",10.1175/bams-d-21-0156.1,NA,NA,NA,NA,NA
M. A.,Ahiataku,additional,"Ghana Meteorological Agency, Accra, Ghana;",10.1175/bams-d-21-0156.1,NA,NA,NA,NA,NA
S. O.,Ansah,additional,"Ghana Meteorological Agency, Accra, Ghana;",10.1175/bams-d-21-0156.1,NA,NA,NA,NA,NA
C. E.,Birch,additional,"University of Leeds, Leeds, United Kingdom;",10.1175/bams-d-21-0156.1,NA,NA,NA,NA,NA
H. L.,Burns,additional,"University of Leeds, Leeds, United Kingdom;",10.1175/bams-d-21-0156.1,NA,NA,NA,NA,NA
S. J.,Clarke,additional,"University of Leeds, Leeds, United Kingdom;",10.1175/bams-d-21-0156.1,NA,NA,NA,NA,NA
J.,Gacheru,additional,"Kenya Meteorological Department, Nairobi, Kenya;",10.1175/bams-d-21-0156.1,NA,NA,NA,NA,NA
T. D.,James,additional,"University of Leeds, Leeds, United Kingdom;",10.1175/bams-d-21-0156.1,NA,NA,NA,NA,NA
C. K. Ngetich,Tuikong,additional,"Ghana Meteorological Agency, Accra, Ghana;",10.1175/bams-d-21-0156.1,NA,NA,NA,NA,NA
D.,Koros,additional,"Ghana Meteorological Agency, Accra, Ghana;",10.1175/bams-d-21-0156.1,NA,NA,NA,NA,NA
V. S.,Indasi,additional,"African Centre of Meteorological Application for Development, Niamey, Niger;",10.1175/bams-d-21-0156.1,NA,NA,NA,NA,NA
B. L.,Lamptey,additional,"Federal University of Technology Akure, Akura, Nigeria;",10.1175/bams-d-21-0156.1,NA,NA,NA,NA,NA
K. A.,Lawal,additional,"Nigeria Meteorological Agency, Abuja, Nigeria, and ACDI, University of Cape Town, Cape Town, South Africa;",10.1175/bams-d-21-0156.1,NA,NA,NA,NA,NA
D. J.,Parker,additional,"University of Leeds, and National Centre for Atmospheric Science, Leeds, United Kingdom, and Norwegian Research Centre (NORCE), Bergen, Norway;",10.1175/bams-d-21-0156.1,NA,NA,NA,NA,NA
A. J.,Roberts,additional,"University of Leeds, and National Centre for Atmospheric Science, Leeds, United Kingdom;",10.1175/bams-d-21-0156.1,NA,NA,NA,NA,NA
T. H. M.,Stein,additional,"University of Reading, Reading, United Kingdom;",10.1175/bams-d-21-0156.1,NA,NA,NA,NA,NA
E.,Visman,additional,"U.K. Centre for Ecology and Hydrology, Wallingford, United Kingdom;",10.1175/bams-d-21-0156.1,NA,NA,NA,NA,NA
J.,Warner,additional,"Met Office, Exeter, United Kingdom;",10.1175/bams-d-21-0156.1,NA,NA,NA,NA,NA
B. J.,Woodhams,additional,"University of Leeds, Leeds, United Kingdom, and Karlsruhe Institute of Technology, Karlsruhe, Germany;",10.1175/bams-d-21-0156.1,NA,NA,NA,NA,NA
L. H.,Youds,additional,"University of Leeds, Leeds, United Kingdom, and World Meteorological Organization, Geneva, Switzerland;",10.1175/bams-d-21-0156.1,NA,NA,NA,NA,NA
V. O.,Ajayi,additional,"Federal University of Technology Akure, Akura, Nigeria;",10.1175/bams-d-21-0156.1,NA,NA,NA,NA,NA
E. N.,Bosire,additional,"University of Nairobi, Nairobi, Kenya;",10.1175/bams-d-21-0156.1,NA,NA,NA,NA,NA
C.,Cafaro,additional,"University of Reading, Reading, United Kingdom;",10.1175/bams-d-21-0156.1,NA,NA,NA,NA,NA
C. A. T.,Camara,additional,"Agence Nationale de l’Aviation Civile et de la Météorologie, Dakar, Senegal;",10.1175/bams-d-21-0156.1,NA,NA,NA,NA,NA
B.,Chanzu,additional,"Kenya Meteorological Department, Nairobi, Kenya;",10.1175/bams-d-21-0156.1,NA,NA,NA,NA,NA
C.,Dione,additional,"African Centre of Meteorological Application for Development, Niamey, Niger;",10.1175/bams-d-21-0156.1,NA,NA,NA,NA,NA
W.,Gitau,additional,"University of Nairobi, Nairobi, Kenya;",10.1175/bams-d-21-0156.1,NA,NA,NA,NA,NA
D.,Groves,additional,"National Centre for Atmospheric Science, Leeds, United Kingdom;",10.1175/bams-d-21-0156.1,NA,NA,NA,NA,NA
J.,Groves,additional,"National Centre for Atmospheric Science, Leeds, United Kingdom;",10.1175/bams-d-21-0156.1,NA,NA,NA,NA,NA
P. G.,Hill,additional,"University of Reading, Reading, United Kingdom;",10.1175/bams-d-21-0156.1,NA,NA,NA,NA,NA
I.,Ishiyaku,additional,"Nigeria Meteorological Agency, Abuja, Nigeria;",10.1175/bams-d-21-0156.1,NA,NA,NA,NA,NA
C. M.,Klein,additional,"U.K. Centre for Ecology and Hydrology, Wallingford, United Kingdom, and University of Innsbruck, Innsbruck, Austria;",10.1175/bams-d-21-0156.1,NA,NA,NA,NA,NA
J. H.,Marsham,additional,"University of Leeds, Leeds, United Kingdom;",10.1175/bams-d-21-0156.1,NA,NA,NA,NA,NA
B. K.,Mutai,additional,"University of Nairobi, Nairobi, Kenya;",10.1175/bams-d-21-0156.1,NA,NA,NA,NA,NA
P. N.,Ndiaye,additional,"Agence Nationale de l’Aviation Civile et de la Météorologie, Dakar, Senegal;",10.1175/bams-d-21-0156.1,NA,NA,NA,NA,NA
M.,Osei,additional,"Kwame Nkrumah University of Science and Technology, Kumasi, Ghana;",10.1175/bams-d-21-0156.1,NA,NA,NA,NA,NA
T. I.,Popoola,additional,"Meteorological Research and Training Institute, Lagos, Nigeria",10.1175/bams-d-21-0156.1,NA,NA,NA,NA,NA
J.,Talib,additional,"U.K. Centre for Ecology and Hydrology, Wallingford, United Kingdom;",10.1175/bams-d-21-0156.1,NA,NA,NA,NA,NA
C. M.,Taylor,additional,"U.K. Centre for Ecology and Hydrology, Wallingford, United Kingdom;",10.1175/bams-d-21-0156.1,NA,NA,NA,NA,NA
D.,Walker,additional,"National Centre for Atmospheric Science, Leeds, United Kingdom;",10.1175/bams-d-21-0156.1,NA,NA,NA,NA,NA
Jean-Pierre,Florens,first,NA,10.1006/jeem.1999.1072,NA,NA,NA,NA,NA
Caroline,Foucher,additional,NA,10.1006/jeem.1999.1072,NA,NA,NA,NA,NA
NA,NA,NA,NA,https://pubs.usgs.gov/pp/1796/,NA,NA,try error,NA,NA
Cecilia,Fraccaroli,first,NA,10.1016/j.cliser.2021.100247,NA,NA,NA,NA,NA
Valentino,Marini Govigli,additional,NA,10.1016/j.cliser.2021.100247,NA,NA,NA,NA,NA
Siebe,Briers,additional,NA,10.1016/j.cliser.2021.100247,NA,NA,NA,NA,NA
Nieves,Peña Cerezo,additional,NA,10.1016/j.cliser.2021.100247,NA,NA,NA,NA,NA
Jorge,Paz Jiménez,additional,NA,10.1016/j.cliser.2021.100247,NA,NA,NA,NA,NA
Maria,Romero,additional,NA,10.1016/j.cliser.2021.100247,NA,NA,NA,NA,NA
Marcus,Lindner,additional,NA,10.1016/j.cliser.2021.100247,NA,NA,NA,NA,NA
Inazio,Martínez de Arano,additional,NA,10.1016/j.cliser.2021.100247,NA,NA,NA,NA,NA
John,Francis,first,NA,10.1016/j.ufug.2023.128115,NA,NA,NA,NA,NA
Mathias,Disney,additional,NA,10.1016/j.ufug.2023.128115,NA,NA,NA,NA,NA
Stephen,Law,additional,NA,10.1016/j.ufug.2023.128115,NA,NA,NA,NA,NA
S.,Fritz,first,NA,10.1109/jsyst.2008.926688,NA,NA,NA,NA,NA
R.J.,Scholes,additional,NA,10.1109/jsyst.2008.926688,NA,NA,NA,NA,NA
M.,Obersteiner,additional,NA,10.1109/jsyst.2008.926688,NA,NA,NA,NA,NA
J.,Bouma,additional,NA,10.1109/jsyst.2008.926688,NA,NA,NA,NA,NA
B.,Reyers,additional,NA,10.1109/jsyst.2008.926688,NA,NA,NA,NA,NA
Sabine,Fuss,first,NA,10.1016/j.spacepol.2008.09.008,NA,NA,NA,NA,NA
Jana,Szolgayova,additional,NA,10.1016/j.spacepol.2008.09.008,NA,NA,NA,NA,NA
Michael,Obersteiner,additional,NA,10.1016/j.spacepol.2008.09.008,NA,NA,NA,NA,NA
NA,NA,NA,NA,https://www.jstor.org/stable/26218055,NA,NA,try error,NA,NA
Nidia Catherine,González,first,"Global Development Studies, University of Helsinki, Helsinki, Finland",10.1080/14747731.2022.2093556,https://orcid.org/0000-0003-1170-8349,FALSE,NA,NA,NA
Markus,Kröger,additional,"Global Development Studies, University of Helsinki, Helsinki, Finland",10.1080/14747731.2022.2093556,https://orcid.org/0000-0001-7324-4549,FALSE,NA,NA,NA
Nicholas E.,Graham,first,NA,https://doi.org/10.1016/j.advwatres.2005.12.005,NA,NA,NA,NA,NA
Konstantine P.,Georgakakos,additional,NA,https://doi.org/10.1016/j.advwatres.2005.12.005,NA,NA,NA,NA,NA
Carlos,Vargas,additional,NA,https://doi.org/10.1016/j.advwatres.2005.12.005,NA,NA,NA,NA,NA
Modesto,Echevers,additional,NA,https://doi.org/10.1016/j.advwatres.2005.12.005,NA,NA,NA,NA,NA
Arto,Haara,first,NA,10.14214/sf.10089,NA,NA,NA,NA,NA
Annika,Kangas,additional,NA,10.14214/sf.10089,NA,NA,NA,NA,NA
Sakari,Tuominen,additional,NA,10.14214/sf.10089,NA,NA,NA,NA,NA
David L.,Halsing,first,NA,https://doi.org/10.3133/cir1271,NA,NA,NA,NA,NA
Kevin,Theissen,additional,NA,https://doi.org/10.3133/cir1271,NA,NA,NA,NA,NA
Richard,Bernknopf,additional,NA,https://doi.org/10.3133/cir1271,NA,NA,NA,NA,NA
James W.,Hansen,first,NA,https://doi.org/10.1016/j.agsy.2009.03.005,NA,NA,NA,NA,NA
Ashok,Mishra,additional,NA,https://doi.org/10.1016/j.agsy.2009.03.005,NA,NA,NA,NA,NA
K.P.C.,Rao,additional,NA,https://doi.org/10.1016/j.agsy.2009.03.005,NA,NA,NA,NA,NA
Matayo,Indeje,additional,NA,https://doi.org/10.1016/j.agsy.2009.03.005,NA,NA,NA,NA,NA
Robinson Kinuthia,Ngugi,additional,NA,https://doi.org/10.1016/j.agsy.2009.03.005,NA,NA,NA,NA,NA
NA,NA,NA,NA,pii: s0265-9646(00)00039-4,NA,NA,try error,NA,NA
John,Haskins,first,NA,10.3389/fenvs.2021.642906,NA,NA,NA,NA,NA
Charlie,Endris,additional,NA,10.3389/fenvs.2021.642906,NA,NA,NA,NA,NA
Alexandra S.,Thomsen,additional,NA,10.3389/fenvs.2021.642906,NA,NA,NA,NA,NA
Fuller,Gerbl,additional,NA,10.3389/fenvs.2021.642906,NA,NA,NA,NA,NA
Monique C.,Fountain,additional,NA,10.3389/fenvs.2021.642906,NA,NA,NA,NA,NA
Kerstin,Wasson,additional,NA,10.3389/fenvs.2021.642906,NA,NA,NA,NA,NA
NA,NA,NA,NA,978-951-38-7170-3,NA,NA,try error,NA,NA
Graeme C.,Hays,first,NA,10.1016/j.tree.2019.01.009,NA,NA,NA,NA,NA
Helen,Bailey,additional,NA,10.1016/j.tree.2019.01.009,NA,NA,NA,NA,NA
Steven J.,Bograd,additional,NA,10.1016/j.tree.2019.01.009,NA,NA,NA,NA,NA
W. Don,Bowen,additional,NA,10.1016/j.tree.2019.01.009,NA,NA,NA,NA,NA
Claudio,Campagna,additional,NA,10.1016/j.tree.2019.01.009,NA,NA,NA,NA,NA
Ruth H.,Carmichael,additional,NA,10.1016/j.tree.2019.01.009,NA,NA,NA,NA,NA
Paolo,Casale,additional,NA,10.1016/j.tree.2019.01.009,NA,NA,NA,NA,NA
Andre,Chiaradia,additional,NA,10.1016/j.tree.2019.01.009,NA,NA,NA,NA,NA
Daniel P.,Costa,additional,NA,10.1016/j.tree.2019.01.009,NA,NA,NA,NA,NA
Eduardo,Cuevas,additional,NA,10.1016/j.tree.2019.01.009,NA,NA,NA,NA,NA
P.J.,Nico de Bruyn,additional,NA,10.1016/j.tree.2019.01.009,NA,NA,NA,NA,NA
Maria P.,Dias,additional,NA,10.1016/j.tree.2019.01.009,NA,NA,NA,NA,NA
Carlos M.,Duarte,additional,NA,10.1016/j.tree.2019.01.009,NA,NA,NA,NA,NA
Daniel C.,Dunn,additional,NA,10.1016/j.tree.2019.01.009,NA,NA,NA,NA,NA
Peter H.,Dutton,additional,NA,10.1016/j.tree.2019.01.009,NA,NA,NA,NA,NA
Nicole,Esteban,additional,NA,10.1016/j.tree.2019.01.009,NA,NA,NA,NA,NA
Ari,Friedlaender,additional,NA,10.1016/j.tree.2019.01.009,NA,NA,NA,NA,NA
Kimberly T.,Goetz,additional,NA,10.1016/j.tree.2019.01.009,NA,NA,NA,NA,NA
Brendan J.,Godley,additional,NA,10.1016/j.tree.2019.01.009,NA,NA,NA,NA,NA
Patrick N.,Halpin,additional,NA,10.1016/j.tree.2019.01.009,NA,NA,NA,NA,NA
Mark,Hamann,additional,NA,10.1016/j.tree.2019.01.009,NA,NA,NA,NA,NA
Neil,Hammerschlag,additional,NA,10.1016/j.tree.2019.01.009,NA,NA,NA,NA,NA
Robert,Harcourt,additional,NA,10.1016/j.tree.2019.01.009,NA,NA,NA,NA,NA
Autumn-Lynn,Harrison,additional,NA,10.1016/j.tree.2019.01.009,NA,NA,NA,NA,NA
Elliott L.,Hazen,additional,NA,10.1016/j.tree.2019.01.009,NA,NA,NA,NA,NA
Michelle R.,Heupel,additional,NA,10.1016/j.tree.2019.01.009,NA,NA,NA,NA,NA
Erich,Hoyt,additional,NA,10.1016/j.tree.2019.01.009,NA,NA,NA,NA,NA
Nicolas E.,Humphries,additional,NA,10.1016/j.tree.2019.01.009,NA,NA,NA,NA,NA
Connie Y.,Kot,additional,NA,10.1016/j.tree.2019.01.009,NA,NA,NA,NA,NA
James S.E.,Lea,additional,NA,10.1016/j.tree.2019.01.009,NA,NA,NA,NA,NA
Helene,Marsh,additional,NA,10.1016/j.tree.2019.01.009,NA,NA,NA,NA,NA
Sara M.,Maxwell,additional,NA,10.1016/j.tree.2019.01.009,NA,NA,NA,NA,NA
Clive R.,McMahon,additional,NA,10.1016/j.tree.2019.01.009,NA,NA,NA,NA,NA
Giuseppe,Notarbartolo di Sciara,additional,NA,10.1016/j.tree.2019.01.009,NA,NA,NA,NA,NA
Daniel M.,Palacios,additional,NA,10.1016/j.tree.2019.01.009,NA,NA,NA,NA,NA
Richard A.,Phillips,additional,NA,10.1016/j.tree.2019.01.009,NA,NA,NA,NA,NA
David,Righton,additional,NA,10.1016/j.tree.2019.01.009,NA,NA,NA,NA,NA
Gail,Schofield,additional,NA,10.1016/j.tree.2019.01.009,NA,NA,NA,NA,NA
Jeffrey A.,Seminoff,additional,NA,10.1016/j.tree.2019.01.009,NA,NA,NA,NA,NA
Colin A.,Simpfendorfer,additional,NA,10.1016/j.tree.2019.01.009,NA,NA,NA,NA,NA
David W.,Sims,additional,NA,10.1016/j.tree.2019.01.009,NA,NA,NA,NA,NA
Akinori,Takahashi,additional,NA,10.1016/j.tree.2019.01.009,NA,NA,NA,NA,NA
Michael J.,Tetley,additional,NA,10.1016/j.tree.2019.01.009,NA,NA,NA,NA,NA
Michele,Thums,additional,NA,10.1016/j.tree.2019.01.009,NA,NA,NA,NA,NA
Philip N.,Trathan,additional,NA,10.1016/j.tree.2019.01.009,NA,NA,NA,NA,NA
Stella,Villegas-Amtmann,additional,NA,10.1016/j.tree.2019.01.009,NA,NA,NA,NA,NA
Randall S.,Wells,additional,NA,10.1016/j.tree.2019.01.009,NA,NA,NA,NA,NA
Scott D.,Whiting,additional,NA,10.1016/j.tree.2019.01.009,NA,NA,NA,NA,NA
Natalie E.,Wildermann,additional,NA,10.1016/j.tree.2019.01.009,NA,NA,NA,NA,NA
Ana M.M.,Sequeira,additional,NA,10.1016/j.tree.2019.01.009,NA,NA,NA,NA,NA
Lisa,Heldt,first,NA,10.1016/j.ijpe.2023.108864,https://orcid.org/0000-0003-2583-4864,FALSE,NA,NA,NA
Philip,Beske-Janssen,additional,NA,10.1016/j.ijpe.2023.108864,NA,NA,NA,NA,NA
Vincent,Herr,first,NA,10.1071/wf18237,NA,NA,NA,NA,NA
Adam K.,Kochanski,additional,NA,10.1071/wf18237,NA,NA,NA,NA,NA
Van V.,Miller,additional,NA,10.1071/wf18237,NA,NA,NA,NA,NA
Rich,McCrea,additional,NA,10.1071/wf18237,NA,NA,NA,NA,NA
Dan,O'Brien,additional,NA,10.1071/wf18237,NA,NA,NA,NA,NA
Jan,Mandel,additional,NA,10.1071/wf18237,NA,NA,NA,NA,NA
Markus,Holopainen,first,NA,10.14214/sf.335,NA,NA,NA,NA,NA
Mervi,Talvitie,additional,NA,10.14214/sf.335,NA,NA,NA,NA,NA
JORDI,HONEY-ROSÉS,first,NA,10.1017/s0376892909990063,NA,NA,NA,NA,NA
JOSÉ,LÓPEZ-GARCÍA,additional,NA,10.1017/s0376892909990063,NA,NA,NA,NA,NA
EDUARDO,RENDÓN-SALINAS,additional,NA,10.1017/s0376892909990063,NA,NA,NA,NA,NA
ARMANDO,PERALTA-HIGUERA,additional,NA,10.1017/s0376892909990063,NA,NA,NA,NA,NA
CARLOS,GALINDO-LEAL,additional,NA,10.1017/s0376892909990063,NA,NA,NA,NA,NA
Murat,Isik,first,NA,10.1016/j.jenvman.2005.01.024,NA,NA,NA,NA,NA
Darren,Hudson,additional,NA,10.1016/j.jenvman.2005.01.024,NA,NA,NA,NA,NA
Keith H.,Coble,additional,NA,10.1016/j.jenvman.2005.01.024,NA,NA,NA,NA,NA
Chady,Jabbour,first,NA,10.1109/mgrs.2019.2941751,https://orcid.org/0000-0001-5953-0979,FALSE,NA,NA,NA
Anis,Hoayek,additional,NA,10.1109/mgrs.2019.2941751,NA,NA,NA,NA,NA
Pierre,Maurel,additional,NA,10.1109/mgrs.2019.2941751,NA,NA,NA,NA,NA
Helene,Rey-Valette,additional,NA,10.1109/mgrs.2019.2941751,NA,NA,NA,NA,NA
Jean-Michel,Salles,additional,NA,10.1109/mgrs.2019.2941751,NA,NA,NA,NA,NA
Chady,Jabbour,first,"CNRS, University of Montpellier, UAR CPST, IR Data Terra, 34090 Montpellier, France",10.3390/land12010015,https://orcid.org/0000-0001-5953-0979,FALSE,NA,NA,NA
Anis,Hoayek,additional,"Mines Saint-Etienne, University of Clermont Auvergne, CNRS, UMR 6158 LIMOS, Institut Henri Fayol, 42100 Saint-Etienne, France",10.3390/land12010015,NA,NA,NA,NA,NA
Jean-Michel,Salles,additional,"CEE-M, University of Montpellier, CNRS, INRA, Montpellier SupAgro, 34960 Montpellier, France",10.3390/land12010015,https://orcid.org/0000-0001-5030-2195,FALSE,NA,NA,NA
KERSTIN,JANTKE,first,NA,10.1017/s0376892912000331,NA,NA,NA,NA,NA
CHRISTINE,SCHLEUPNER,additional,NA,10.1017/s0376892912000331,NA,NA,NA,NA,NA
UWE A.,SCHNEIDER,additional,NA,10.1017/s0376892912000331,NA,NA,NA,NA,NA
Di,Jin,first,NA,https://doi.org/10.1016/j.hal.2008.03.002,NA,NA,NA,NA,NA
Porter,Hoagland,additional,NA,https://doi.org/10.1016/j.hal.2008.03.002,NA,NA,NA,NA,NA
J.W.,Jones,first,NA,https://doi.org/10.1016/s0167-8809(00)00225-5,NA,NA,NA,NA,NA
J.W.,Hansen,additional,NA,https://doi.org/10.1016/s0167-8809(00)00225-5,NA,NA,NA,NA,NA
F.S.,Royce,additional,NA,https://doi.org/10.1016/s0167-8809(00)00225-5,NA,NA,NA,NA,NA
C.D.,Messina,additional,NA,https://doi.org/10.1016/s0167-8809(00)00225-5,NA,NA,NA,NA,NA
Mark J.,Kaiser,first,NA,https://doi.org/10.1016/j.marpol.2003.11.002,NA,NA,NA,NA,NA
Allan G.,Pulsipher,additional,NA,https://doi.org/10.1016/j.marpol.2003.11.002,NA,NA,NA,NA,NA
Annika,Kangas,first,NA,10.14214/sf.9923,NA,NA,NA,NA,NA
Terje,Gobakken,additional,NA,10.14214/sf.9923,NA,NA,NA,NA,NA
Stefano,Puliti,additional,NA,10.14214/sf.9923,NA,NA,NA,NA,NA
Marius,Hauglin,additional,NA,10.14214/sf.9923,NA,NA,NA,NA,NA
Erik,Naesset,additional,NA,10.14214/sf.9923,NA,NA,NA,NA,NA
T.,Keenan,first,NA,10.1175/bams-84-8-1041,NA,NA,NA,NA,NA
P.,Joe,first,NA,10.1175/bams-84-8-1041,NA,NA,NA,NA,NA
J.,Wilson,first,NA,10.1175/bams-84-8-1041,NA,NA,NA,NA,NA
C.,Collier,first,NA,10.1175/bams-84-8-1041,NA,NA,NA,NA,NA
B.,Golding,first,NA,10.1175/bams-84-8-1041,NA,NA,NA,NA,NA
D.,Burgess,first,NA,10.1175/bams-84-8-1041,NA,NA,NA,NA,NA
P.,May,first,NA,10.1175/bams-84-8-1041,NA,NA,NA,NA,NA
C.,Pierce,first,NA,10.1175/bams-84-8-1041,NA,NA,NA,NA,NA
J.,Bally,first,NA,10.1175/bams-84-8-1041,NA,NA,NA,NA,NA
A.,Crook,first,NA,10.1175/bams-84-8-1041,NA,NA,NA,NA,NA
A.,Seed,first,NA,10.1175/bams-84-8-1041,NA,NA,NA,NA,NA
D.,Sills,first,NA,10.1175/bams-84-8-1041,NA,NA,NA,NA,NA
L.,Berry,first,NA,10.1175/bams-84-8-1041,NA,NA,NA,NA,NA
R.,Potts,first,NA,10.1175/bams-84-8-1041,NA,NA,NA,NA,NA
I.,Bell,first,NA,10.1175/bams-84-8-1041,NA,NA,NA,NA,NA
N.,Fox,first,NA,10.1175/bams-84-8-1041,NA,NA,NA,NA,NA
E.,Ebert,first,NA,10.1175/bams-84-8-1041,NA,NA,NA,NA,NA
M.,Eilts,first,NA,10.1175/bams-84-8-1041,NA,NA,NA,NA,NA
K.,O'Loughlin,first,NA,10.1175/bams-84-8-1041,NA,NA,NA,NA,NA
R.,Webb,first,NA,10.1175/bams-84-8-1041,NA,NA,NA,NA,NA
R.,Carbone,first,NA,10.1175/bams-84-8-1041,NA,NA,NA,NA,NA
K.,Browning,first,NA,10.1175/bams-84-8-1041,NA,NA,NA,NA,NA
R.,Roberts,first,NA,10.1175/bams-84-8-1041,NA,NA,NA,NA,NA
C.,Mueller,first,NA,10.1175/bams-84-8-1041,NA,NA,NA,NA,NA
NA,NA,NA,NA,https://www.jstor.org/stable/40987744,NA,NA,try error,NA,NA
N.,Khabarov,first,NA,10.1109/jsyst.2008.925979,NA,NA,NA,NA,NA
E.,Moltchanova,additional,NA,10.1109/jsyst.2008.925979,NA,NA,NA,NA,NA
M.,Obersteiner,additional,NA,10.1109/jsyst.2008.925979,NA,NA,NA,NA,NA
Ju-Hee,Kim,first,NA,10.1016/j.spacepol.2022.101507,NA,NA,NA,NA,NA
Hancheol,Lim,additional,NA,10.1016/j.spacepol.2022.101507,NA,NA,NA,NA,NA
Jinho,Shin,additional,NA,10.1016/j.spacepol.2022.101507,NA,NA,NA,NA,NA
Seung-Hoon,Yoo,additional,NA,10.1016/j.spacepol.2022.101507,https://orcid.org/0000-0001-5048-219X,FALSE,NA,NA,NA
Hauke,Kite-Powell,first,NA,https://doi.org/10.4031/mtsj.45.1.13,NA,NA,NA,NA,NA
Akash,Koppa,first,Department of Civil and Environmental Engineering University of California Los Angeles California USA,https://doi.org/10.1111/1752-1688.12914,http://orcid.org/0000-0001-5671-0878,FALSE,NA,NA,NA
Akash,Koppa,first,Hydro‐Climate Extremes Lab (H‐CEL) Faculty of Bioscience Engineering Ghent University Ghent Belgium,https://doi.org/10.1111/1752-1688.12914,http://orcid.org/0000-0001-5671-0878,FALSE,NA,NA,NA
Mekonnen,Gebremichael,additional,Department of Civil and Environmental Engineering University of California Los Angeles California USA,https://doi.org/10.1111/1752-1688.12914,NA,NA,NA,NA,NA
Thomas M.,Hopson,additional,Research Applications Laboratory National Center for Atmospheric Research Boulder Colorado USA,https://doi.org/10.1111/1752-1688.12914,http://orcid.org/0000-0002-4595-7274,FALSE,NA,NA,NA
Emily,Riddle,additional,Research Applications Laboratory National Center for Atmospheric Research Boulder Colorado USA,https://doi.org/10.1111/1752-1688.12914,NA,NA,NA,NA,NA
Jennifer,Boehnert,additional,Research Applications Laboratory National Center for Atmospheric Research Boulder Colorado USA,https://doi.org/10.1111/1752-1688.12914,NA,NA,NA,NA,NA
Daniel P.,Broman,additional,"Department of Civil, Environmental, and Architectural Engineering University of Colorado Boulder Colorado USA",https://doi.org/10.1111/1752-1688.12914,NA,NA,NA,NA,NA
Daniel P.,Broman,additional,Water and Environmental Resources Division United States Bureau of Reclamation Lakewood Colorado USA,https://doi.org/10.1111/1752-1688.12914,NA,NA,NA,NA,NA
Sujay V.,Kumar,first,"Science Applications International Corporation, Beltsville, and Hydrological Sciences Laboratory, NASA Goddard Space Flight Center, Greenbelt, Maryland",10.1175/jhm-d-13-0204.1,NA,NA,NA,NA,NA
Kenneth W.,Harrison,additional,"Earth System Science Interdisciplinary Center, College Park, and Hydrological Sciences Laboratory, NASA Goddard Space Flight Center, Greenbelt, Maryland",10.1175/jhm-d-13-0204.1,NA,NA,NA,NA,NA
Christa D.,Peters-Lidard,additional,"Hydrological Sciences Laboratory, NASA Goddard Space Flight Center, Greenbelt, Maryland",10.1175/jhm-d-13-0204.1,NA,NA,NA,NA,NA
Joseph A.,Santanello,additional,"Hydrological Sciences Laboratory, NASA Goddard Space Flight Center, Greenbelt, Maryland",10.1175/jhm-d-13-0204.1,NA,NA,NA,NA,Jr.
Dalia,Kirschbaum,additional,"Hydrological Sciences Laboratory, NASA Goddard Space Flight Center, Greenbelt, Maryland",10.1175/jhm-d-13-0204.1,NA,NA,NA,NA,NA
James A.,Larson,first,NA,10.1007/s11119-008-9065-1,NA,NA,NA,NA,NA
Roland K.,Roberts,additional,NA,10.1007/s11119-008-9065-1,NA,NA,NA,NA,NA
Burton C.,English,additional,NA,10.1007/s11119-008-9065-1,NA,NA,NA,NA,NA
Sherry L.,Larkin,additional,NA,10.1007/s11119-008-9065-1,NA,NA,NA,NA,NA
Michele C.,Marra,additional,NA,10.1007/s11119-008-9065-1,NA,NA,NA,NA,NA
Steven W.,Martin,additional,NA,10.1007/s11119-008-9065-1,NA,NA,NA,NA,NA
Kenneth W.,Paxton,additional,NA,10.1007/s11119-008-9065-1,NA,NA,NA,NA,NA
Jeanne M.,Reeves,additional,NA,10.1007/s11119-008-9065-1,NA,NA,NA,NA,NA
Alba,L'Astorina,first,NA,10.22323/2.14030303,NA,NA,NA,NA,NA
Irene,Tomasoni,first,NA,10.22323/2.14030303,NA,NA,NA,NA,NA
Anna,Basoni,first,NA,10.22323/2.14030303,NA,NA,NA,NA,NA
Paola,Carrara,first,NA,10.22323/2.14030303,NA,NA,NA,NA,NA
Christopher,Lauer,first,NA,10.3389/fenvs.2021.749044,NA,NA,NA,NA,NA
Joseph,Conran,additional,NA,10.3389/fenvs.2021.749044,NA,NA,NA,NA,NA
Jeffery,Adkins,additional,NA,10.3389/fenvs.2021.749044,NA,NA,NA,NA,NA
NA,NA,NA,NA,https://www.researchgate.net/profile/jeffrey-lazo/publication/268415603_economic_value_of_current_and_improved_weather_forecasts_in_the_us_household_sector/links/570ebb3d08aee328dd6548c7/economic-value-of-current-and-improved-weather-forecasts-in-the-us-household-sector.pdf,NA,NA,try error,NA,NA
David,Letson,first,NA,https://doi.org/10.1007/s10584-009-9600-8,NA,NA,NA,NA,NA
Carlos E.,Laciana,additional,NA,https://doi.org/10.1007/s10584-009-9600-8,NA,NA,NA,NA,NA
Federico E.,Bert,additional,NA,https://doi.org/10.1007/s10584-009-9600-8,NA,NA,NA,NA,NA
Elke U.,Weber,additional,NA,https://doi.org/10.1007/s10584-009-9600-8,NA,NA,NA,NA,NA
Richard W.,Katz,additional,NA,https://doi.org/10.1007/s10584-009-9600-8,NA,NA,NA,NA,NA
Xavier I.,Gonzalez,additional,NA,https://doi.org/10.1007/s10584-009-9600-8,NA,NA,NA,NA,NA
Guillermo P.,Podestá,additional,NA,https://doi.org/10.1007/s10584-009-9600-8,NA,NA,NA,NA,NA
Mingxin,Li,first,"355A DuPont Hall, Department of Civil and Environmental Engineering, University of Delaware, Newark, DE 19716",10.3141/2645-01,NA,NA,NA,NA,NA
Ardeshir,Faghri,additional,"360C DuPont Hall, Department of Civil and Environmental Engineering, University of Delaware, Newark, DE 19716",10.3141/2645-01,NA,NA,NA,NA,NA
Abdulkadir,Ozden,additional,"160 DuPont Hall, Department of Civil and Environmental Engineering, University of Delaware, Newark, DE 19716",10.3141/2645-01,NA,NA,NA,NA,NA
Yixiang,Yue,additional,"School of Traffic and Transportation, Beijing Jiaotong University, Beijing 100044, China",10.3141/2645-01,NA,NA,NA,NA,NA
Shu-Yi,Liao,first,NA,https://doi.org/10.1016/j.jhydrol.2010.09.008,NA,NA,NA,NA,NA
Chi-Chung,Chen,additional,NA,https://doi.org/10.1016/j.jhydrol.2010.09.008,NA,NA,NA,NA,NA
Shih-Hsun,Hsu,additional,NA,https://doi.org/10.1016/j.jhydrol.2010.09.008,NA,NA,NA,NA,NA
Siew Hoon,Lim,first,Department of Agribusiness and Applied Economics North Dakota State University Fargo North Dakota USA,10.1111/jfr3.12781,http://orcid.org/0000-0001-8926-5352,FALSE,NA,NA,NA
Yue,Ge,additional,"School of Public Administration, University of Central Florida Orlando Florida USA",10.1111/jfr3.12781,http://orcid.org/0000-0002-5899-8307,FALSE,NA,NA,NA
Jennifer M.,Jacobs,additional,Department of Civil Engineering University of New Hampshire Durham New Hampshire USA,10.1111/jfr3.12781,NA,NA,NA,NA,NA
Xinhua,Jia,additional,Department of Agricultural &amp; Biosystems Engineering North Dakota State University Fargo North Dakota USA,10.1111/jfr3.12781,NA,NA,NA,NA,NA
Clara,Linés,first,NA,10.5194/hess-22-5901-2018,NA,NA,NA,NA,NA
Ana,Iglesias,additional,NA,10.5194/hess-22-5901-2018,https://orcid.org/0000-0002-3183-6658,FALSE,NA,NA,NA
Luis,Garrote,additional,NA,10.5194/hess-22-5901-2018,https://orcid.org/0000-0001-9087-3638,FALSE,NA,NA,NA
Vicente,Sotés,additional,NA,10.5194/hess-22-5901-2018,NA,NA,NA,NA,NA
Micha,Werner,additional,NA,10.5194/hess-22-5901-2018,https://orcid.org/0000-0003-4198-5638,FALSE,NA,NA,NA
John,Loomis,first,NA,10.14358/pers.81.8.647,NA,NA,NA,NA,NA
Steve,Koontz,additional,NA,10.14358/pers.81.8.647,NA,NA,NA,NA,NA
Holly,Miller,additional,NA,10.14358/pers.81.8.647,NA,NA,NA,NA,NA
Leslie,Richardson,additional,NA,10.14358/pers.81.8.647,NA,NA,NA,NA,NA
Winnie K,Luseno,first,NA,https://doi.org/10.1016/s0305-750x(03)00113-x,NA,NA,NA,NA,NA
John G,McPeak,additional,NA,https://doi.org/10.1016/s0305-750x(03)00113-x,NA,NA,NA,NA,NA
Christopher B,Barrett,additional,NA,https://doi.org/10.1016/s0305-750x(03)00113-x,NA,NA,NA,NA,NA
Peter D,Little,additional,NA,https://doi.org/10.1016/s0305-750x(03)00113-x,NA,NA,NA,NA,NA
Getachew,Gebru,additional,NA,https://doi.org/10.1016/s0305-750x(03)00113-x,NA,NA,NA,NA,NA
Molly K.,Macauley,first,NA,10.1016/j.spacepol.2006.08.003,NA,NA,NA,NA,NA
Bruce D.,Maxwell,first,NA,10.1614/ws-04-071r2,NA,NA,NA,NA,NA
Edward C.,Luschei,additional,NA,10.1614/ws-04-071r2,NA,NA,NA,NA,NA
NA,NA,NA,NA,http://pure.iiasa.ac.at/8741/,NA,NA,try error,NA,NA
Benjamin M.,Miller,first,"RAND Corporation, Santa Monica, California",https://doi.org/10.1175/wcas-d-16-0093.1,NA,NA,NA,NA,NA
Holly M.,Miller,first,NA,http://dx.doi.org/10.3133/ofr20131269,http://orcid.org/0000-0003-0914-7570,FALSE,NA,NA,NA
Leslie A.,Richardson,additional,NA,http://dx.doi.org/10.3133/ofr20131269,NA,NA,NA,NA,NA
Stephen R.,Koontz,additional,NA,http://dx.doi.org/10.3133/ofr20131269,NA,NA,NA,NA,NA
John,Loomis,additional,NA,http://dx.doi.org/10.3133/ofr20131269,NA,NA,NA,NA,NA
Lynne,Koontz,additional,NA,http://dx.doi.org/10.3133/ofr20131269,NA,NA,NA,NA,NA
Antony,Millner,first,"Oxford University Centre for the Environment, Oxford, United Kingdom",https://doi.org/10.1175/2008jamc1899.1,NA,NA,NA,NA,NA
Johannes,Möllmann,first,"Department of Agricultural Economics and Rural Development, Georg-August-Universität Göttingen, Göttingen, Germany",10.1175/wcas-d-17-0127.1,NA,NA,NA,NA,NA
Matthias,Buchholz,first,"Department of Agricultural Economics and Rural Development, Georg-August-Universität Göttingen, Göttingen, Germany",10.1175/wcas-d-17-0127.1,NA,NA,NA,NA,NA
Oliver,Musshoff,first,"Department of Agricultural Economics and Rural Development, Georg-August-Universität Göttingen, Göttingen, Germany",10.1175/wcas-d-17-0127.1,NA,NA,NA,NA,NA
Edmund B.,Molder,first,NA,10.3389/fenvs.2021.805174,NA,NA,NA,NA,NA
Sarah F.,Schenkein,additional,NA,10.3389/fenvs.2021.805174,NA,NA,NA,NA,NA
Abby E.,McConnell,additional,NA,10.3389/fenvs.2021.805174,NA,NA,NA,NA,NA
Karl K.,Benedict,additional,NA,10.3389/fenvs.2021.805174,NA,NA,NA,NA,NA
Crista L.,Straub,additional,NA,10.3389/fenvs.2021.805174,NA,NA,NA,NA,NA
Elena,Moltchanova,first,NA,10.1016/j.ssci.2011.03.008,NA,NA,NA,NA,NA
Nikolay,Khabarov,additional,NA,10.1016/j.ssci.2011.03.008,NA,NA,NA,NA,NA
Michael,Obersteiner,additional,NA,10.1016/j.ssci.2011.03.008,NA,NA,NA,NA,NA
Daniele,Ehrlich,additional,NA,10.1016/j.ssci.2011.03.008,NA,NA,NA,NA,NA
Micheline,Moula,additional,NA,10.1016/j.ssci.2011.03.008,NA,NA,NA,NA,NA
Justin,Morgenroth,first,NA,10.1186/1179-5395-43-16,NA,NA,NA,NA,NA
Rien,Visser,additional,NA,10.1186/1179-5395-43-16,NA,NA,NA,NA,NA
Valentina,Morretta,first,NA,10.1016/j.strueco.2023.09.003,NA,NA,NA,NA,NA
Massimo,Florio,additional,NA,10.1016/j.strueco.2023.09.003,NA,NA,NA,NA,NA
Matteo,Landoni,additional,NA,10.1016/j.strueco.2023.09.003,https://orcid.org/0000-0003-1450-3875,FALSE,NA,NA,NA
Valentina,Morretta,first,NA,10.1016/j.techfore.2022.121730,NA,NA,NA,NA,NA
Davide,Vurchio,additional,NA,10.1016/j.techfore.2022.121730,https://orcid.org/0000-0003-1892-2161,FALSE,NA,NA,NA
Stefano,Carrazza,additional,NA,10.1016/j.techfore.2022.121730,https://orcid.org/0000-0002-0079-6753,FALSE,NA,NA,NA
John,Musinsky,first,Battelle Ecology Boulder Colorado USA,10.1002/rse2.78,https://orcid.org/0000-0002-1939-4666,FALSE,NA,NA,NA
Karyn,Tabor,additional,Conservation International US Arlington Virginia USA,10.1002/rse2.78,NA,NA,NA,NA,NA
Carlos A.,Cano,additional,Conservation International US Arlington Virginia USA,10.1002/rse2.78,NA,NA,NA,NA,NA
Juan Carlos,Ledezma,additional,Conservation International Bolivia La Paz Bolivia,10.1002/rse2.78,NA,NA,NA,NA,NA
Eddy,Mendoza,additional,Conservation International Peru Lima Peru,10.1002/rse2.78,NA,NA,NA,NA,NA
Andriambolantsoa,Rasolohery,additional,Conservation International Madagascar Antananarivo Madagascar,10.1002/rse2.78,NA,NA,NA,NA,NA
Ermayanti R.,Sajudin,additional,Hima Lestari International Jakarta Indonesia,10.1002/rse2.78,NA,NA,NA,NA,NA
Nebojša,Nikolić,first,NA,10.4081/ija.2021.1780,NA,NA,NA,NA,NA
Davide,Rizzo,additional,NA,10.4081/ija.2021.1780,NA,NA,NA,NA,NA
Elisa,Marraccini,additional,NA,10.4081/ija.2021.1780,NA,NA,NA,NA,NA
Alicia,Ayerdi Gotor,additional,NA,10.4081/ija.2021.1780,NA,NA,NA,NA,NA
Pietro,Mattivi,additional,NA,10.4081/ija.2021.1780,NA,NA,NA,NA,NA
Pierre,Saulet,additional,NA,10.4081/ija.2021.1780,NA,NA,NA,NA,NA
Antonio,Persichetti,additional,NA,10.4081/ija.2021.1780,NA,NA,NA,NA,NA
Roberta,Masin,additional,NA,10.4081/ija.2021.1780,NA,NA,NA,NA,NA
Lennart,Noordermeer,first,"Faculty of Environmental Sciences and Natural Resource Management, Norwegian University of Life Sciences, NMBU, Ås, Norway",10.1080/02827581.2020.1854340,NA,NA,NA,NA,NA
Terje,Gobakken,additional,"Faculty of Environmental Sciences and Natural Resource Management, Norwegian University of Life Sciences, NMBU, Ås, Norway",10.1080/02827581.2020.1854340,https://orcid.org/0000-0001-5534-049X,FALSE,NA,NA,NA
Erik,Næsset,additional,"Faculty of Environmental Sciences and Natural Resource Management, Norwegian University of Life Sciences, NMBU, Ås, Norway",10.1080/02827581.2020.1854340,https://orcid.org/0000-0002-2460-5843,FALSE,NA,NA,NA
Ole Martin,Bollandsås,additional,"Faculty of Environmental Sciences and Natural Resource Management, Norwegian University of Life Sciences, NMBU, Ås, Norway",10.1080/02827581.2020.1854340,NA,NA,NA,NA,NA
Francesco,Nutini,first,NA,10.1007/s11119-021-09784-0,https://orcid.org/0000-0001-5430-5991,FALSE,NA,NA,NA
Roberto,Confalonieri,additional,NA,10.1007/s11119-021-09784-0,NA,NA,NA,NA,NA
Livia,Paleari,additional,NA,10.1007/s11119-021-09784-0,NA,NA,NA,NA,NA
Monica,Pepe,additional,NA,10.1007/s11119-021-09784-0,NA,NA,NA,NA,NA
Laura,Criscuolo,additional,NA,10.1007/s11119-021-09784-0,NA,NA,NA,NA,NA
Francesco,Porta,additional,NA,10.1007/s11119-021-09784-0,NA,NA,NA,NA,NA
Luigi,Ranghetti,additional,NA,10.1007/s11119-021-09784-0,NA,NA,NA,NA,NA
Lorenzo,Busetto,additional,NA,10.1007/s11119-021-09784-0,NA,NA,NA,NA,NA
Mirco,Boschetti,additional,NA,10.1007/s11119-021-09784-0,NA,NA,NA,NA,NA
Michael,Obersteiner,first,NA,10.1007/978-94-007-4839-2_4,NA,NA,NA,NA,NA
Felicjan,Rydzak,additional,NA,10.1007/978-94-007-4839-2_4,NA,NA,NA,NA,NA
Steffen,Fritz,additional,NA,10.1007/978-94-007-4839-2_4,NA,NA,NA,NA,NA
Ian,McCallum,additional,NA,10.1007/978-94-007-4839-2_4,NA,NA,NA,NA,NA
Perry C.,Oddo,first,NA,10.3389/fenvs.2019.00127,NA,NA,NA,NA,NA
John D.,Bolten,additional,NA,10.3389/fenvs.2019.00127,NA,NA,NA,NA,NA
Katelyn,O'Dell,first,Milken Institute School of Public Health George Washington University  Washington DC USA,10.1029/2023gh000890,https://orcid.org/0000-0002-0198-6153,FALSE,NA,NA,NA
Shobha,Kondragunta,additional,NOAA/NESDIS/Center for Satellite Applications and Research  College Park MD USA,10.1029/2023gh000890,https://orcid.org/0000-0001-8593-8046,FALSE,NA,NA,NA
Hai,Zhang,additional,"I. M. Systems Group, NOAA NCWCP, 5830 University Research Ct  College Park MD USA",10.1029/2023gh000890,https://orcid.org/0000-0001-9520-9840,FALSE,NA,NA,NA
Daniel L.,Goldberg,additional,Milken Institute School of Public Health George Washington University  Washington DC USA,10.1029/2023gh000890,NA,NA,NA,NA,NA
Gaige Hunter,Kerr,additional,Milken Institute School of Public Health George Washington University  Washington DC USA,10.1029/2023gh000890,https://orcid.org/0000-0001-8869-0752,FALSE,NA,NA,NA
Zigang,Wei,additional,"I. M. Systems Group, NOAA NCWCP, 5830 University Research Ct  College Park MD USA",10.1029/2023gh000890,NA,NA,NA,NA,NA
Barron H.,Henderson,additional,U.S. EPA Office of Planning and Standards  Durham NC USA,10.1029/2023gh000890,https://orcid.org/0000-0002-6755-3051,FALSE,NA,NA,NA
Susan C.,Anenberg,additional,Milken Institute School of Public Health George Washington University  Washington DC USA,10.1029/2023gh000890,https://orcid.org/0000-0002-9668-603X,FALSE,NA,NA,NA
Rachel,Opitz,first,"Archaeology, University of Glasgow, Glasgow G12 8QQ, UK",10.3390/land12010179,https://orcid.org/0000-0002-5232-1434,FALSE,NA,NA,NA
Philippe,De Smedt,additional,"Department of Environment & Department of Archaeology, Ghent University, B-9000 Ghent, Belgium",10.3390/land12010179,NA,NA,NA,NA,NA
Victorino,Mayoral-Herrera,additional,"Instituto Arqueologia Mérida, Consejo Superior de Investigaciones Cientificas, 06800 Mérida, Spain",10.3390/land12010179,NA,NA,NA,NA,NA
Stefano,Campana,additional,"Landscape Archaeology & Remote Sensing Lab, Dipartimento di Scienze Storiche e dei Beni Culturali, University of Siena, 53100 Siena, Italy",10.3390/land12010179,https://orcid.org/0000-0002-3936-3242,FALSE,NA,NA,NA
Marco,Vieri,additional,"Department of Agricultural, Alimentary, Environmental and Forestry Sciences, University of Florence, 50121 Florence, Italy",10.3390/land12010179,https://orcid.org/0000-0002-6167-5322,FALSE,NA,NA,NA
Eamonn,Baldwin,additional,"Archaeology, University of Glasgow, Glasgow G12 8QQ, UK",10.3390/land12010179,NA,NA,NA,NA,NA
Carolina,Perna,additional,"Department of Agricultural, Alimentary, Environmental and Forestry Sciences, University of Florence, 50121 Florence, Italy",10.3390/land12010179,https://orcid.org/0000-0002-2618-8289,FALSE,NA,NA,NA
Daniele,Sarri,additional,"Department of Agricultural, Alimentary, Environmental and Forestry Sciences, University of Florence, 50121 Florence, Italy",10.3390/land12010179,https://orcid.org/0000-0001-6990-7573,FALSE,NA,NA,NA
Jeroen,Verhegge,additional,"Department of Environment & Department of Archaeology, Ghent University, B-9000 Ghent, Belgium",10.3390/land12010179,https://orcid.org/0000-0003-4703-8199,FALSE,NA,NA,NA
Binod Prasad,Parajuli,first,"Climate and Resilience, Practical Action Consulting South Asia, Kathmandu 44600, Nepal",10.3390/su12229448,https://orcid.org/0000-0002-3528-6075,FALSE,NA,NA,NA
Prakash,Khadka,additional,"Risk and Resilience, International Institute for Applied Systems Analysis, A-2361 Laxenburg, Austria",10.3390/su12229448,NA,NA,NA,NA,NA
Preshika,Baskota,additional,"Climate and Resilience, Practical Action Consulting South Asia, Kathmandu 44600, Nepal",10.3390/su12229448,NA,NA,NA,NA,NA
Puja,Shakya,additional,"Climate and Resilience, Practical Action Consulting South Asia, Kathmandu 44600, Nepal",10.3390/su12229448,NA,NA,NA,NA,NA
Wei,Liu,additional,"Risk and Resilience, International Institute for Applied Systems Analysis, A-2361 Laxenburg, Austria",10.3390/su12229448,NA,NA,NA,NA,NA
Uttam,Pudasaini,additional,"Geomatics, Naxa Private Limited, Kathmandu 44600, Nepal",10.3390/su12229448,NA,NA,NA,NA,NA
Roniksh,B.C.,additional,"Geomatics, Naxa Private Limited, Kathmandu 44600, Nepal",10.3390/su12229448,NA,NA,NA,NA,NA
Roniksh,B.C.,additional,"Department of Environmental Science, Tri-Chandra Multiple Campus, Tribhuvan University, Kathmandu 44605, Nepal",10.3390/su12229448,NA,NA,NA,NA,NA
Jonathan,Paul,additional,"Department of Earth Sciences, School of Life Sciences and the Environment, Royal Holloway, University of London, Egham TW20 0EX, UK",10.3390/su12229448,NA,NA,NA,NA,NA
Wouter,Buytaert,additional,"Department of Civil and Environmental Engineering, Imperial College London, London SW7 2AZ, UK",10.3390/su12229448,https://orcid.org/0000-0001-6994-4454,FALSE,NA,NA,NA
Sumit,Vij,additional,"Public Administration and Policy Group, Wageningen University &amp; Research, 6706 KN Wageningen, The Netherlands",10.3390/su12229448,https://orcid.org/0000-0001-5252-797X,FALSE,NA,NA,NA
Sumit,Vij,additional,"Earth &amp; Climate Cluster, Department of Earth Sciences, Faculty of Earth &amp; Life Sciences, Vrije University Amsterdam, 1081 HV Amsterdam, The Netherlands",10.3390/su12229448,https://orcid.org/0000-0001-5252-797X,FALSE,NA,NA,NA
Sun-Young,Park,first,"Department of Economics, Korea University, Seoul, Republic of Korea",https://doi.org/10.1080/00036846.2017.1368995,https://orcid.org/0000-0002-4950-0909,FALSE,NA,NA,NA
Seung-Hoon,Yoo,additional,"Department of Energy Policy, Graduate School of Energy &amp; Environment, Seoul National University of Science &amp; Technology, Seoul, Republic of Korea",https://doi.org/10.1080/00036846.2017.1368995,https://orcid.org/0000-0001-5048-219X,FALSE,NA,NA,NA
Francoise,Pearlman,first,NA,10.1007/978-3-319-01821-8_10,NA,NA,NA,NA,NA
Richard,Bernknopf,additional,NA,10.1007/978-3-319-01821-8_10,NA,NA,NA,NA,NA
Mary Ann,Stewart,additional,NA,10.1007/978-3-319-01821-8_10,NA,NA,NA,NA,NA
Jay S.,Pearlman,additional,NA,10.1007/978-3-319-01821-8_10,NA,NA,NA,NA,NA
E.H,Petersen,first,NA,https://doi.org/10.1016/s0308-521x(01)00012-9,NA,NA,NA,NA,NA
R.W,Fraser,additional,NA,https://doi.org/10.1016/s0308-521x(01)00012-9,NA,NA,NA,NA,NA
S.,Quiroga,first,NA,https://doi.org/10.5194/nhess-11-643-2011,NA,NA,NA,NA,NA
L.,Garrote,additional,NA,https://doi.org/10.5194/nhess-11-643-2011,NA,NA,NA,NA,NA
A.,Iglesias,additional,NA,https://doi.org/10.5194/nhess-11-643-2011,NA,NA,NA,NA,NA
Z.,Fernández-Haddad,additional,NA,https://doi.org/10.5194/nhess-11-643-2011,NA,NA,NA,NA,NA
J.,Schlickenrieder,additional,NA,https://doi.org/10.5194/nhess-11-643-2011,NA,NA,NA,NA,NA
B.,de Lama,additional,NA,https://doi.org/10.5194/nhess-11-643-2011,NA,NA,NA,NA,NA
C.,Mosso,additional,NA,https://doi.org/10.5194/nhess-11-643-2011,NA,NA,NA,NA,NA
A.,Sánchez-Arcilla,additional,NA,https://doi.org/10.5194/nhess-11-643-2011,NA,NA,NA,NA,NA
Albert,Rango,first,NA,10.1111/j.1752-1688.1980.tb02549.x,NA,NA,NA,NA,NA
Rita D.,Roberts,first,"National Center for Atmospheric Research, Boulder, Colorado;",10.1175/bams-d-20-0290.1,NA,NA,NA,NA,NA
Steven J.,Goodman,additional,"Thunderbolt Global Analytics, Huntsville, Alabama;",10.1175/bams-d-20-0290.1,NA,NA,NA,NA,NA
James W.,Wilson,additional,"National Center for Atmospheric Research, Boulder, Colorado;",10.1175/bams-d-20-0290.1,NA,NA,NA,NA,NA
Paul,Watkiss,additional,"Paul Watkiss Associates, Oxford, United Kingdom;",10.1175/bams-d-20-0290.1,NA,NA,NA,NA,NA
Robert,Powell,additional,"Independent Humanitarian Communications and Media Consultant, Dunbar, Scotland;",10.1175/bams-d-20-0290.1,NA,NA,NA,NA,NA
Ralph A.,Petersen,additional,"Space Science and Engineering Center, University of Wisconsin–Madison, Madison, Wisconsin;",10.1175/bams-d-20-0290.1,NA,NA,NA,NA,NA
Caroline,Bain,additional,"Met Office, Exeter, United Kingdom;",10.1175/bams-d-20-0290.1,NA,NA,NA,NA,NA
John,Faragher,additional,"Met Office, Exeter, United Kingdom;",10.1175/bams-d-20-0290.1,NA,NA,NA,NA,NA
Ladislaus B.,Chang’a,additional,"Tanzania Meteorological Authority, Dar es Salaam, Tanzania;",10.1175/bams-d-20-0290.1,NA,NA,NA,NA,NA
Julius Kiprop,Kapkwomu,additional,"Uganda National Meteorological Authority, Kampala, Uganda;",10.1175/bams-d-20-0290.1,NA,NA,NA,NA,NA
Paul N.,Oloo,additional,"Kenya Meteorological Department, Nairobi, Kenya;",10.1175/bams-d-20-0290.1,NA,NA,NA,NA,NA
Joseph N.,Sebaziga,additional,"Rwanda Meteorology Agency, Kigali, Rwanda;",10.1175/bams-d-20-0290.1,NA,NA,NA,NA,NA
Andrew,Hartley,additional,"Met Office, Exeter, United Kingdom;",10.1175/bams-d-20-0290.1,NA,NA,NA,NA,NA
Timothy,Donovan,additional,"Met Office, Exeter, United Kingdom;",10.1175/bams-d-20-0290.1,NA,NA,NA,NA,NA
Marion,Mittermaier,additional,"Met Office, Exeter, United Kingdom;",10.1175/bams-d-20-0290.1,NA,NA,NA,NA,NA
Lee,Cronce,additional,"Space Science and Engineering Center, University of Wisconsin–Madison, Madison, Wisconsin;",10.1175/bams-d-20-0290.1,NA,NA,NA,NA,NA
Katrina S.,Virts,additional,"University of Alabama in Huntsville, Huntsville, Alabama",10.1175/bams-d-20-0290.1,NA,NA,NA,NA,NA
Kimberly S.,Rollins,first,NA,https://doi.org/10.1017/s1350482703005048,NA,NA,NA,NA,NA
Joseph,Shaykewich,additional,NA,https://doi.org/10.1017/s1350482703005048,NA,NA,NA,NA,NA
K W,Ross,first,NA,10.1088/1748-9326/4/2/024009,NA,NA,NA,NA,NA
M E,Brown,additional,NA,10.1088/1748-9326/4/2/024009,NA,NA,NA,NA,NA
J P,Verdin,additional,NA,10.1088/1748-9326/4/2/024009,NA,NA,NA,NA,NA
L W,Underwood,additional,NA,10.1088/1748-9326/4/2/024009,NA,NA,NA,NA,NA
Tobias F.,R�theli,first,NA,10.1007/s11294-004-7165-x,NA,NA,NA,NA,NA
Mathieu,Rouget,first,NA,10.1016/s0006-3207(02)00415-9,NA,NA,NA,NA,NA
NA,NA,NA,NA,10.2902/1725-0463.2010.05.art9,NA,NA,try error,NA,NA
Vilane G.,Sales,first,NA,10.1016/j.apgeog.2022.102651,NA,NA,NA,NA,NA
Eric,Strobl,additional,NA,10.1016/j.apgeog.2022.102651,NA,NA,NA,NA,NA
Robert J.R.,Elliott,additional,NA,10.1016/j.apgeog.2022.102651,NA,NA,NA,NA,NA
Peter G.,Sassone,first,NA,10.1007/bf02423388,NA,NA,NA,NA,NA
Geoff,Sawyer,first,NA,10.3389/fenvs.2022.804862,NA,NA,NA,NA,NA
Eleftherios,Mamais,additional,NA,10.3389/fenvs.2022.804862,NA,NA,NA,NA,NA
Dimitri,Papadakis,additional,NA,10.3389/fenvs.2022.804862,NA,NA,NA,NA,NA
Emma,Schiavon,first,Istituto Universitario di Studi Superiori di Pavia (IUSS)  Pavia Italy,10.1029/2023jg007569,https://orcid.org/0000-0001-9573-4303,FALSE,NA,NA,NA
Andrea,Taramelli,additional,Istituto Universitario di Studi Superiori di Pavia (IUSS)  Pavia Italy,10.1029/2023jg007569,https://orcid.org/0000-0003-0865-4124,FALSE,NA,NA,NA
Andrea,Taramelli,additional,Institute for Environmental Protection and Research (ISPRA)  Roma Italy,10.1029/2023jg007569,https://orcid.org/0000-0003-0865-4124,FALSE,NA,NA,NA
Antonella,Tornato,additional,Institute for Environmental Protection and Research (ISPRA)  Roma Italy,10.1029/2023jg007569,https://orcid.org/0000-0003-2450-6375,FALSE,NA,NA,NA
Christine M.,Lee,additional,Jet Propulsion Laboratory California Institute of Technology  Pasadena CA USA,10.1029/2023jg007569,https://orcid.org/0000-0003-1615-236X,FALSE,NA,NA,NA
Jeffrey C.,Luvall,additional,NASA Marshall Space Flight Center (MSFC)  Huntsville AL USA,10.1029/2023jg007569,https://orcid.org/0000-0003-0336-2237,FALSE,NA,NA,NA
Stephanie,Schollaert Uz,additional,NASA Goddard Space Flight Center (GSFC)  Greenbelt MD USA,10.1029/2023jg007569,https://orcid.org/0000-0002-0937-1487,FALSE,NA,NA,NA
Philip A.,Townsend,additional,Department of Forest &amp; Wildlife Ecology University of Wisconsin‐Madison  Madison WI USA,10.1029/2023jg007569,https://orcid.org/0000-0001-7003-8774,FALSE,NA,NA,NA
Valentina,Cima,additional,Istituto Universitario di Studi Superiori di Pavia (IUSS)  Pavia Italy,10.1029/2023jg007569,https://orcid.org/0009-0003-4584-7440,FALSE,NA,NA,NA
Serena,Geraldini,additional,Institute for Environmental Protection and Research (ISPRA)  Roma Italy,10.1029/2023jg007569,https://orcid.org/0009-0003-2202-1742,FALSE,NA,NA,NA
Alessandra,Nguyen Xuan,additional,Institute for Environmental Protection and Research (ISPRA)  Roma Italy,10.1029/2023jg007569,https://orcid.org/0000-0003-3443-1741,FALSE,NA,NA,NA
Emiliana,Valentini,additional,Institute of Polar Sciences of the Italian National Research Council (ISP CNR)  Rome Italy,10.1029/2023jg007569,https://orcid.org/0000-0002-4257-7858,FALSE,NA,NA,NA
Charles E.,Miller,additional,Jet Propulsion Laboratory California Institute of Technology  Pasadena CA USA,10.1029/2023jg007569,https://orcid.org/0000-0002-9380-4838,FALSE,NA,NA,NA
Charles M.,Schweik,first,NA,10.1111/1540-6237.00081,NA,NA,NA,NA,NA
Craig W.,Thomas,additional,NA,10.1111/1540-6237.00081,NA,NA,NA,NA,NA
Santhosh K,Seelan,first,NA,10.1016/j.rse.2003.04.007,NA,NA,NA,NA,NA
Soizik,Laguette,additional,NA,10.1016/j.rse.2003.04.007,NA,NA,NA,NA,NA
Grant M,Casady,additional,NA,10.1016/j.rse.2003.04.007,NA,NA,NA,NA,NA
George A,Seielstad,additional,NA,10.1016/j.rse.2003.04.007,NA,NA,NA,NA,NA
George,Seielstad,first,NA,10.1117/12.454211,NA,NA,NA,NA,NA
Soizik,Laguette,additional,NA,10.1117/12.454211,NA,NA,NA,NA,NA
Santhosh K.,Seelan,additional,NA,10.1117/12.454211,NA,NA,NA,NA,NA
Rick,Lawrence,additional,NA,10.1117/12.454211,NA,NA,NA,NA,NA
Gerald A.,Nielsen,additional,NA,10.1117/12.454211,NA,NA,NA,NA,NA
David,Clay,additional,NA,10.1117/12.454211,NA,NA,NA,NA,NA
Kevin,Dalsted,additional,NA,10.1117/12.454211,NA,NA,NA,NA,NA
Jennifer C.,Selgrath,first,Project Seahorse Fisheries Centre The University of British Columbia  Vancouver British Columbia V6T 1Z4 Canada,10.1002/ecs2.1325,NA,NA,NA,NA,NA
Jennifer C.,Selgrath,first,Department of Forest &amp; Conservation Sciences The University of British Columbia  Vancouver British Columbia V6T 1Z4 Canada,10.1002/ecs2.1325,NA,NA,NA,NA,NA
Chris,Roelfsema,additional,Biophysical Remote Sensing Group School of Geography Planning and Environmental Management The University of Queensland  Brisbane Queensland 4072 Australia,10.1002/ecs2.1325,NA,NA,NA,NA,NA
Sarah E.,Gergel,additional,Department of Forest &amp; Conservation Sciences The University of British Columbia  Vancouver British Columbia V6T 1Z4 Canada,10.1002/ecs2.1325,NA,NA,NA,NA,NA
Amanda C. J.,Vincent,additional,Project Seahorse Fisheries Centre The University of British Columbia  Vancouver British Columbia V6T 1Z4 Canada,10.1002/ecs2.1325,NA,NA,NA,NA,NA
NA,NA,NA,NA,https://doi.org/10.13031/trans.59.11589,NA,NA,try error,NA,NA
Katherine,Smith,first,Countryside and Community Research Institute University of Gloucestershire Cheltenham UK,10.1111/geoj.12323,http://orcid.org/0000-0002-4788-6270,FALSE,NA,NA,NA
Robert,Berry,additional,Countryside and Community Research Institute University of Gloucestershire Cheltenham UK,10.1111/geoj.12323,NA,NA,NA,NA,NA
Lucy E.,Clarke,additional,School of Natural and Social Sciences University of Gloucestershire Cheltenham UK,10.1111/geoj.12323,http://orcid.org/0000-0002-8174-3839,FALSE,NA,NA,NA
Isabella S.,Smythe,first,"School of International and Public Affairs, Columbia University, New York, NY 10027",https://doi.org/10.1073/pnas.2120025119,https://orcid.org/0000-0002-4943-231X,FALSE,NA,NA,NA
Joshua E.,Blumenstock,additional,"School of Information, University of California, Berkeley, CA 94720",https://doi.org/10.1073/pnas.2120025119,https://orcid.org/0000-0002-1813-7414,FALSE,NA,NA,NA
Andrew R.,Solow,first,NA,https://doi.org/10.1023/a:1005342500057,NA,NA,NA,NA,NA
Richard F.,Adams,additional,NA,https://doi.org/10.1023/a:1005342500057,NA,NA,NA,NA,NA
Kelly J.,Bryant,additional,NA,https://doi.org/10.1023/a:1005342500057,NA,NA,NA,NA,NA
David M.,Legler,additional,NA,https://doi.org/10.1023/a:1005342500057,NA,NA,NA,NA,NA
James J.,O'Brien,additional,NA,https://doi.org/10.1023/a:1005342500057,NA,NA,NA,NA,NA
Bruce A.,McCarl,additional,NA,https://doi.org/10.1023/a:1005342500057,NA,NA,NA,NA,NA
William,Nayda,additional,NA,https://doi.org/10.1023/a:1005342500057,NA,NA,NA,NA,NA
Rodney,Weiher,additional,NA,https://doi.org/10.1023/a:1005342500057,NA,NA,NA,NA,NA
Marco,Sozzi,first,"Department of Land Environment Agriculture and Forestry, University of Padova, 35020 Legnaro, Italy",10.3390/agronomy11112098,https://orcid.org/0000-0001-8941-1903,FALSE,NA,NA,NA
Ahmed,Kayad,additional,"Department of Land Environment Agriculture and Forestry, University of Padova, 35020 Legnaro, Italy",10.3390/agronomy11112098,https://orcid.org/0000-0003-3396-938X,FALSE,NA,NA,NA
Stefano,Gobbo,additional,"Department of Agronomy, Food, Natural Resources, Animals, and Environment, University of Padova, 35020 Legnaro, Italy",10.3390/agronomy11112098,https://orcid.org/0000-0002-1354-2023,FALSE,NA,NA,NA
Alessia,Cogato,additional,"Department of Land Environment Agriculture and Forestry, University of Padova, 35020 Legnaro, Italy",10.3390/agronomy11112098,https://orcid.org/0000-0001-8354-7324,FALSE,NA,NA,NA
Luigi,Sartori,additional,"Department of Land Environment Agriculture and Forestry, University of Padova, 35020 Legnaro, Italy",10.3390/agronomy11112098,https://orcid.org/0000-0001-6437-3402,FALSE,NA,NA,NA
Francesco,Marinello,additional,"Department of Land Environment Agriculture and Forestry, University of Padova, 35020 Legnaro, Italy",10.3390/agronomy11112098,https://orcid.org/0000-0002-3283-5665,FALSE,NA,NA,NA
Karin,Späti,first,NA,10.1016/j.ecolecon.2021.107047,NA,NA,NA,NA,NA
Robert,Huber,additional,NA,10.1016/j.ecolecon.2021.107047,NA,NA,NA,NA,NA
Robert,Finger,additional,NA,10.1016/j.ecolecon.2021.107047,NA,NA,NA,NA,NA
Jan H,Stel,first,NA,https://doi.org/10.1016/0308-597x(96)00029-2,NA,NA,NA,NA,NA
Brian F,Mannix,additional,NA,https://doi.org/10.1016/0308-597x(96)00029-2,NA,NA,NA,NA,NA
Signe,Stroming,first,School of Foreign Service Georgetown University  Washington DC USA,10.1029/2020gh000254,https://orcid.org/0000-0001-6908-1046,FALSE,NA,NA,NA
Molly,Robertson,additional,Resources for the Future  Washington DC USA,10.1029/2020gh000254,https://orcid.org/0000-0002-0776-712X,FALSE,NA,NA,NA
Bethany,Mabee,additional,Resources for the Future  Washington DC USA,10.1029/2020gh000254,https://orcid.org/0000-0002-8186-4104,FALSE,NA,NA,NA
Yusuke,Kuwayama,additional,Resources for the Future  Washington DC USA,10.1029/2020gh000254,https://orcid.org/0000-0001-8933-9876,FALSE,NA,NA,NA
Blake,Schaeffer,additional,Office of Research and Development United States Environmental Protection Agency  Research Triangle Park NC USA,10.1029/2020gh000254,https://orcid.org/0000-0001-9794-3977,FALSE,NA,NA,NA
Diane M.,Styers,first,"Department of Geosciences & Natural Resources, Western Carolina University, Cullowhee, North Carolina 28723",10.1080/10899995.2018.1411699,NA,NA,NA,NA,NA
NA,NA,NA,NA,https://www.rff.org/valuables/impact-assessments/,NA,NA,try error,NA,NA
Yikuan,Tang,first,NA,10.1016/j.jclepro.2020.121792,NA,NA,NA,NA,NA
Fan,Zhang,additional,NA,10.1016/j.jclepro.2020.121792,NA,NA,NA,NA,NA
Bernard A.,Engel,additional,NA,10.1016/j.jclepro.2020.121792,NA,NA,NA,NA,NA
Xiao,Liu,additional,NA,10.1016/j.jclepro.2020.121792,NA,NA,NA,NA,NA
Qiong,Yue,additional,NA,10.1016/j.jclepro.2020.121792,NA,NA,NA,NA,NA
Ping,Guo,additional,NA,10.1016/j.jclepro.2020.121792,NA,NA,NA,NA,NA
Topi,Tanhuanpää,first,NA,10.1007/s13280-023-01885-6,https://orcid.org/0000-0002-5509-6922,FALSE,NA,NA,NA
Ninni,Mikkonen,additional,NA,10.1007/s13280-023-01885-6,NA,NA,NA,NA,NA
Heini,Kujala,additional,NA,10.1007/s13280-023-01885-6,NA,NA,NA,NA,NA
Einari,Heinaro,additional,NA,10.1007/s13280-023-01885-6,NA,NA,NA,NA,NA
Janne,Mäyrä,additional,NA,10.1007/s13280-023-01885-6,NA,NA,NA,NA,NA
Timo,Kumpula,additional,NA,10.1007/s13280-023-01885-6,NA,NA,NA,NA,NA
Andrea,Taramelli,first,"Institute for Environmental Protection and Research (ISPRA), Via Vitaliano Brancati 48, 00144 Rome, Italy",10.3390/rs12081286,https://orcid.org/0000-0003-0865-4124,FALSE,NA,NA,NA
Andrea,Taramelli,first,"Institute for Advanced Study of Pavia (IUSS), Palazzo del Broletto, Piazza della Vittoria 15, 27100 Pavia, Italy",10.3390/rs12081286,https://orcid.org/0000-0003-0865-4124,FALSE,NA,NA,NA
Antonella,Tornato,additional,"Institute for Environmental Protection and Research (ISPRA), Via Vitaliano Brancati 48, 00144 Rome, Italy",10.3390/rs12081286,NA,NA,NA,NA,NA
Maria Lucia,Magliozzi,additional,"e-Geos, an ASI and Telespazio company, Via Tiburtina 965, 00156 Rome, Italy",10.3390/rs12081286,NA,NA,NA,NA,NA
Stefano,Mariani,additional,"Institute for Environmental Protection and Research (ISPRA), Via Vitaliano Brancati 48, 00144 Rome, Italy",10.3390/rs12081286,https://orcid.org/0000-0003-2363-9176,FALSE,NA,NA,NA
Emiliana,Valentini,additional,"Institute for Environmental Protection and Research (ISPRA), Via Vitaliano Brancati 48, 00144 Rome, Italy",10.3390/rs12081286,NA,NA,NA,NA,NA
Massimo,Zavagli,additional,"e-Geos, an ASI and Telespazio company, Via Tiburtina 965, 00156 Rome, Italy",10.3390/rs12081286,NA,NA,NA,NA,NA
Mario,Costantini,additional,"e-Geos, an ASI and Telespazio company, Via Tiburtina 965, 00156 Rome, Italy",10.3390/rs12081286,NA,NA,NA,NA,NA
Jens,Nieke,additional,"European Space Agency – ESTEC, Keplerlaan 1, PO Box 299, 2200 AG Noordwijk ZN, The Netherlands",10.3390/rs12081286,NA,NA,NA,NA,NA
Jennifer,Adams,additional,"European Space Agency – ESRIN, via Galileo Galilei 1, 00044 Frascati Rome, Italy",10.3390/rs12081286,https://orcid.org/0000-0002-8410-2172,FALSE,NA,NA,NA
Michael,Rast,additional,"European Space Agency – ESRIN, via Galileo Galilei 1, 00044 Frascati Rome, Italy",10.3390/rs12081286,NA,NA,NA,NA,NA
Alessandra,Tassa,first,NA,10.3389/fenvs.2022.788843,NA,NA,NA,NA,NA
Stephanie,Willekens,additional,NA,10.3389/fenvs.2022.788843,NA,NA,NA,NA,NA
Arne,Lahcen,additional,NA,10.3389/fenvs.2022.788843,NA,NA,NA,NA,NA
Laurent,Laurich,additional,NA,10.3389/fenvs.2022.788843,NA,NA,NA,NA,NA
Charlotte,Mathieu,additional,NA,10.3389/fenvs.2022.788843,NA,NA,NA,NA,NA
William,Toombs,first,NA,10.1071/wf18010,NA,NA,NA,NA,NA
Keith,Weber,additional,NA,10.1071/wf18010,NA,NA,NA,NA,NA
Tesa,Stegner,additional,NA,10.1071/wf18010,NA,NA,NA,NA,NA
John L.,Schnase,additional,NA,10.1071/wf18010,NA,NA,NA,NA,NA
Eric,Lindquist,additional,NA,10.1071/wf18010,NA,NA,NA,NA,NA
Frances,Lippitt,additional,NA,10.1071/wf18010,NA,NA,NA,NA,NA
S.N.,Trigg,first,NA,10.1016/j.jenvman.2005.12.008,NA,NA,NA,NA,NA
D.P.,Roy,additional,NA,10.1016/j.jenvman.2005.12.008,NA,NA,NA,NA,NA
Kush R.,Varshney,first,"DataKind DataCorps, New York, New York.",10.1089/big.2014.0061,NA,NA,NA,NA,NA
Kush R.,Varshney,first,"Mathematical Sciences and Analytics Department, IBM Thomas J. Watson Research Center, Yorktown Heights, New York.",10.1089/big.2014.0061,NA,NA,NA,NA,NA
George H.,Chen,additional,"Department of Electrical Engineering and Computer Science, Massachusetts Institute of Technology, Cambridge, Massachusetts.",10.1089/big.2014.0061,NA,NA,NA,NA,NA
Brian,Abelson,additional,"DataKind DataCorps, New York, New York.",10.1089/big.2014.0061,NA,NA,NA,NA,NA
Brian,Abelson,additional,"Enigma, New York, New York.",10.1089/big.2014.0061,NA,NA,NA,NA,NA
Kendall,Nowocin,additional,"Department of Electrical Engineering and Computer Science, Massachusetts Institute of Technology, Cambridge, Massachusetts.",10.1089/big.2014.0061,NA,NA,NA,NA,NA
Vivek,Sakhrani,additional,"Engineering Systems Division, Massachusetts Institute of Technology, Cambridge, Massachusetts.",10.1089/big.2014.0061,NA,NA,NA,NA,NA
Ling,Xu,additional,"Health Sciences and Technology Division, Massachusetts Institute of Technology, Cambridge, Massachusetts.",10.1089/big.2014.0061,NA,NA,NA,NA,NA
Brian L.,Spatocco,additional,"Department of Materials Science and Engineering, Massachusetts Institute of Technology, Cambridge, Massachusetts.",10.1089/big.2014.0061,NA,NA,NA,NA,NA
Francesco,Vuolo,first,NA,10.3389/fenvs.2015.00052,NA,NA,NA,NA,NA
Laura,Essl,additional,NA,10.3389/fenvs.2015.00052,NA,NA,NA,NA,NA
Clement,Atzberger,additional,NA,10.3389/fenvs.2015.00052,NA,NA,NA,NA,NA
Haozhou,Wang,first,NA,10.34133/plantphenomics.0086,https://orcid.org/0000-0001-6135-402X,FALSE,NA,NA,NA
Tang,Li,additional,NA,10.34133/plantphenomics.0086,NA,NA,NA,NA,NA
Erika,Nishida,additional,NA,10.34133/plantphenomics.0086,NA,NA,NA,NA,NA
Yoichiro,Kato,additional,NA,10.34133/plantphenomics.0086,NA,NA,NA,NA,NA
Yuya,Fukano,additional,NA,10.34133/plantphenomics.0086,NA,NA,NA,NA,NA
Wei,Guo,additional,NA,10.34133/plantphenomics.0086,https://orcid.org/0000-0002-3017-5464,FALSE,NA,NA,NA
Katharine F.,Wellman,first,NA,https://doi.org/10.1080/08920750701868051,NA,NA,NA,NA,NA
Marcus,Hartley,additional,NA,https://doi.org/10.1080/08920750701868051,NA,NA,NA,NA,NA
Kenneth,Wieand,first,NA,http://10.1080/08920750701866436,NA,NA,NA,NA,NA
Sofie,Wikberg,first,NA,10.1016/j.biocon.2008.11.014,NA,NA,NA,NA,NA
Karin,Perhans,additional,NA,10.1016/j.biocon.2008.11.014,NA,NA,NA,NA,NA
Claes,Kindstrand,additional,NA,10.1016/j.biocon.2008.11.014,NA,NA,NA,NA,NA
Line Boberg,Djupström,additional,NA,10.1016/j.biocon.2008.11.014,NA,NA,NA,NA,NA
Mattias,Boman,additional,NA,10.1016/j.biocon.2008.11.014,NA,NA,NA,NA,NA
Leif,Mattsson,additional,NA,10.1016/j.biocon.2008.11.014,NA,NA,NA,NA,NA
Leif Martin,Schroeder,additional,NA,10.1016/j.biocon.2008.11.014,NA,NA,NA,NA,NA
Jan,Weslien,additional,NA,10.1016/j.biocon.2008.11.014,NA,NA,NA,NA,NA
Lena,Gustafsson,additional,NA,10.1016/j.biocon.2008.11.014,NA,NA,NA,NA,NA
D S,Wilks,first,NA,https://doi.org/10.1017/s1350482701002092,NA,NA,NA,NA,NA
Christopher,Yeh,first,NA,10.1038/s41467-020-16185-w,https://orcid.org/0000-0002-7624-6168,FALSE,NA,NA,NA
Anthony,Perez,additional,NA,10.1038/s41467-020-16185-w,https://orcid.org/0000-0003-4781-176X,FALSE,NA,NA,NA
Anne,Driscoll,additional,NA,10.1038/s41467-020-16185-w,NA,NA,NA,NA,NA
George,Azzari,additional,NA,10.1038/s41467-020-16185-w,NA,NA,NA,NA,NA
Zhongyi,Tang,additional,NA,10.1038/s41467-020-16185-w,NA,NA,NA,NA,NA
David,Lobell,additional,NA,10.1038/s41467-020-16185-w,NA,NA,NA,NA,NA
Stefano,Ermon,additional,NA,10.1038/s41467-020-16185-w,https://orcid.org/0000-0003-0039-2887,FALSE,NA,NA,NA
Marshall,Burke,additional,NA,10.1038/s41467-020-16185-w,https://orcid.org/0000-0003-4288-5858,FALSE,NA,NA,NA
Daniel R.,Zeh,first,NA,10.1016/j.jembe.2014.11.013,NA,NA,NA,NA,NA
Michelle R.,Heupel,additional,NA,10.1016/j.jembe.2014.11.013,NA,NA,NA,NA,NA
Colin J.,Limpus,additional,NA,10.1016/j.jembe.2014.11.013,NA,NA,NA,NA,NA
Mark,Hamann,additional,NA,10.1016/j.jembe.2014.11.013,NA,NA,NA,NA,NA
Mariana M.P.B.,Fuentes,additional,NA,10.1016/j.jembe.2014.11.013,NA,NA,NA,NA,NA
Russel C.,Babcock,additional,NA,10.1016/j.jembe.2014.11.013,NA,NA,NA,NA,NA
Richard D.,Pillans,additional,NA,10.1016/j.jembe.2014.11.013,NA,NA,NA,NA,NA
Kathy A.,Townsend,additional,NA,10.1016/j.jembe.2014.11.013,NA,NA,NA,NA,NA
Helene,Marsh,additional,NA,10.1016/j.jembe.2014.11.013,NA,NA,NA,NA,NA
Jadwiga R.,Ziolkowska,first,NA,https://doi.org/10.1016/j.agee.2018.07.008,NA,NA,NA,NA,NA
