reference,author_last,title,author,year,key,method 1,method 2,GEOSS soc ben,GEOSS soc ben 2,NASA app sci,NASA app sci 2,EO data,value_type_arias_arevalo,value_type_himes
"R. M. Adams, et al., The benefits to Mexican agriculture of an El Niño-southern oscillation (ENSO) early warning system. Agricultural and Forest Meteorology 115, 183–194 (2003).",R. M. Adams,The Benefits to Mexican Agriculture of an El Ni~no-southern Oscillation (ENSO) Early Warning System,"Adams, Richard M and Houston, Laurie L and McCarl, Bruce A and Tiscare{~n}o L, Mario and Matus G, Jaime and Weiher, Rodney F",2003,adams_benefitsmexicanagricultureel_2002,Value of Information,Bayesian Decision Analysis,Agriculture,,Agriculture,,ENSO early warning system (hypothetical),instrumental,instrumental
"R. M. Adams, et al., Value of Improved Long-Range Weather Information. Contemporary Economic Policy 13, 10–19 (1995).",R. M. Adams,Value of Improved Long-Range Weather Information,"Adams, Richard M. and Bryant, Kelly J. and Mccarl, Bruce A. and Legler, David M. and O'Brien, James and Solow, Andrew and Weiher, Rodney",1995,adams_improvedrangeweatherinformation_1995,Value of Information,Bayesian Decision Analysis,Agriculture,,Agriculture,,ENSO early warning system (hypothetical),instrumental,instrumental
"A. Altamirano, et al., Landscape disturbance gradients: The importance of the type of scene when evaluating landscape preferences and perceptions. Land (2020). https://doi.org/10.3390/land9090306.",A. Altamirano,Landscape Disturbance Gradients: The Importance of the Type of Scene When Evaluating Landscape Preferences and Perceptions,"Altamirano, Adison and {Gonzalez-Suhr}, Carolina and Marien, Caroline and Catalan, German and Miranda, Alejandro and Prado, Marco and Tits, Laurent and Vieli, Lorena and Meli, Paula",2020,altamirano_landscapedisturbancegradientsimportance_2020,Photo-elicitation surveys,,(other),,(other),,aerial images,fundamental;eudaimonistic,relational
"C. J. Amegnaglo, K. A. Anaman, A. Mensah-Bonsu, E. E. Onumah, F. Amoussouga Gero, Contingent valuation study of the benefits of seasonal climate forecasts for maize farmers in the Republic of Benin, West Africa. Climate Services 6, 1–11 (2017).",C. J. Amegnaglo,"Contingent Valuation Study of the Benefits of Seasonal Climate Forecasts for Maize Farmers in the Republic of Benin, West Africa","Amegnaglo, Cocou Jaur{\`e}s and Anaman, Kwabena Asomanin and {Mensah-Bonsu}, Akwasi and Onumah, Edwards Ebo and Amoussouga Gero, Fulbert",2017,amegnaglo_contingentvaluationstudybenefits_2017,Stated preference,Surveys of preference assessments,Agriculture,,Agriculture,,Seasonal forecasts (hypothetical),instrumental,instrumental
"R. A. Asiyanbola, An evaluation of public servant awareness and use of gis/remote sensing in africa-nigeria. South African Journal Of Geomatics (2018). https://doi.org/10.4314/sajg.v7i1.3.",R. A. Asiyanbola,An Evaluation of Public Servant Awareness and Use of Gis/Remote Sensing in Africa-Nigeria,"Asiyanbola, Raimi Abidemi",2018,asiyanbola_evaluationpublicservantawareness_2018,Surveys of preference assessments,,(other),,Capacity Building,,remote sensing (hypothetical),instrumental,instrumental
"H. Awada, et al., Assessing the performance of a large-scale irrigation system by estimations of actual evapotranspiration obtained by landsat satellite images resampled with cubic convolution. International Journal Of Applied Earth Observation And Geoinformation (2019). https://doi.org/10.1016/j.jag.2018.10.016.",H. Awada,Assessing The Performance Of A Large-Scale Irrigation System By Estimations Of Actual Evapotranspiration Obtained By Landsat Satellite Images Resampled With Cubic Convolution,"Awada, Hassan and Ciraolo, Giuseppe and Maltese, Antonino and Provenzano, Giuseppe and Moreno Hidalgo, Miguel Angel and Ignacio Corcoles, Juan",2019,awada_assessingperformancescaleirrigation_2019,Value of Information,,Agriculture,Water,Agriculture,Water Resources,Landsat,instrumental,instrumental
"B. A. Babcock, The Value of Weather Information in Market Equilibrium. American J Agri Economics 72, 63–72 (1990).",B. A. Babcock,The Value of Weather Information in Market Equilibrium,"Babcock, Bruce A.",1990,babcock_weatherinformationmarketequilibrium_1990,Value of Information,Bayesian Decision Analysis,Agriculture,,Agriculture,,seasonal forecast (hypothetical),instrumental,instrumental
"J. Bacenetti, et al., May smart technologies reduce the environmental impact of nitrogen fertilization? A case study for paddy rice. Science Of The Total Environment (2020). https://doi.org/10.1016/j.scitotenv.2020.136956.",J. Bacenetti,May Smart Technologies Reduce the Environmental Impact of Nitrogen Fertilization? A Case Study for Paddy Rice,"Bacenetti, Jacopo and Paleari, Livia and Tartarini, Sofia and Vesely, Fosco M. and Foi, Marco and Movedi, Ermes and Ravasi, Riccardo A. and Bellopede, Valeria and Durello, Stefano and Ceravolo, Carlo and Amicizia, Francesca and Confalonieri, Roberto",2020,bacenetti_smarttechnologiesreduceenvironmental_2020,Value of Information,,Agriculture,Climate,Agriculture,Climate & Resilience,Sentinel,fundamental;instrumental,instrumental
"J. F. Bard, A. Watkins, Improved rangeland management with an earth resource survey system. Technological Forecasting And Social Change (1983). https://doi.org/10.1016/0040-1625(83)90003-3.",J. F. Bard,Improved Rangeland Management With An Earth Resource Survey System,"Bard, J. F. and Watkins, A.",1983,bard_improvedrangelandmanagementearth_1983,Value of Information,Cost-benefit analysis,Agriculture,,Agriculture,,Earth Resource Survey system,fundamental;instrumental,instrumental
"J. Berenter, I. Morrison, J. M. Mueller, Valuing User Preferences for Geospatial Fire Monitoring in Guatemala. Sustainability 13, 12077 (2021).",J. Berenter,Valuing User Preferences for Geospatial Fire Monitoring in Guatemala,"Berenter, Jared and Morrison, Isaac and Mueller, Julie M.",2021,berenter_valuinguserpreferencesgeospatial_2021,Stated preference,,(other),,Wildland Fires,,SIGMA-I,instrumental,instrumental
"E. Bergseng, H. O. Ørka, E. Næsset, T. Gobakken, Assessing forest inventory information obtained from different inventory approaches and remote sensing data sources. Annals Of Forest Science (2015). https://doi.org/10.1007/s13595-014-0389-x.",E. Bergseng,Assessing Forest Inventory Information Obtained From Different Inventory Approaches And Remote Sensing Data Sources,"Bergseng, E. and Ørka, H. O. and Næsset, E. and Gobakken, T.",2015,bergseng_assessingforestinventoryinformation_2015,Value of Information,,Agriculture,,Agriculture,,airborne laser scanning,instrumental,instrumental
"R. Bernknopf, Agricultural case studies for measuring the value of information of earth observation and other geospatial information for decisions. Geovalue: The Socioeconomic Value Of Geospatial Information (2017). https://doi.org/10.1201/b20712.",R. Bernknopf,Agricultural Case Studies for Measuring the Value of Information of Earth Observation and Other Geospatial Information for Decisions,"Bernknopf, R.",2017,bernknopf_agriculturalstudiesmeasuringinformation_2017,Value of Information,Econometric analysis,Agriculture,Water,Agriculture,Water Resources,Landsat;MODIS;AWiFS;GRACE,instrumental,instrumental
"R. L. Bernknopf, W. M. Forney, R. P. Raunikar, S. K. Mishra, Estimating the benefits of land imagery in environmental applications: a case study in nonpoint source pollution of groundwater. The Value Of Information: Methodological Frontiers And New Applications In Environment And Health (2012). https://doi.org/10.1007/978-94-007-4839-2_10.",R. L. Bernknopf,Estimating the Benefits of Land Imagery in Environmental Applications: A Case Study in Nonpoint Source Pollution of Groundwater,"Bernknopf, R. L. and Forney, W. M. and Raunikar, R. P. and Mishra, S. K.",2012,bernknopf_estimatingbenefitslandimagery_2012,Value of Information,,Water,Agriculture,Water Resources,Agriculture,MRLI (Landsat),instrumental,instrumental
"R. Bernknopf, et al., The Value of Remotely Sensed Information: The Case of a GRACE-Enhanced Drought Severity Index. Weather, Climate, and Society 10, 187–203 (2018).",R. Bernknopf,The Value of Remotely Sensed Information: The Case of a GRACE-Enhanced Drought Severity Index,"Bernknopf, Richard and Brookshire, David and Kuwayama, Yusuke and Macauley, Molly and Rodell, Matthew and Thompson, Alexandra and Vail, Peter and Zaitchik, Benjamin",2018,bernknopf_remotelysensedinformationgrace_2018,Bayesian Decision Analysis,,Climate,,Climate & Resilience,,GRACE,instrumental,instrumental
"R. Bernknopf, D. S. Brookshire, P. T. Ganderton, “The Role Of Geoscience Information In Reducing Catastrophic Loss Using A Web-Based Economics Experiment” (2003).",R. Bernknopf,The Role Of Geoscience Information In Reducing Catastrophic Loss Using A Web-Based Economics Experiment,"Bernkopf, Richard",2003,bernkopf_rolegeoscienceinformationreducing_2003,Stated preference,,Disasters,,Disasters,,Simulated,instrumental,instrumental
"R. L. Bernknopf, D. S. Brookshire, M. McKee, D. R. Soller, Estimating the Social Value of Geologic Map Information: A Regulatory Application. Journal of Environmental Economics and Management 32, 204–218 (1997).",R. L. Bernknopf,Estimating the Social Value of Geologic Map Information: A Regulatory Application,"Bernknopf, Richard L. and Brookshire, David S. and McKee, Michael and Soller, David R.",1997,bernkopf_estimatingsocialgeologicmap_1997,Bayesian Decision Analysis,,(various),,(various),,geologic map,instrumental,instrumental
"R. Bernknopf, C. Shapiro, Economic Assessment of the Use Value of Geospatial Information. IJGI 4, 1142–1165 (2015).",R. Bernknopf,Economic Assessment of the Use Value of Geospatial Information,"Bernknopf, Richard and Shapiro, Carl",2015,bernknopf_economicassessmentgeospatialinformation_2015,Value of Information,,Agriculture,Water,Agriculture,Water Resources,MRLI (Landsat),instrumental,instrumental
"R. Bernknopf, A. Steinkruger, Y. Kuwayama, “Earth Observations Can Enable Cost-Effective Conservation of Eastern North Pacific Blue Whales: A Value of Information Analysis” (Resources for the Future, 2021).",R. Bernknopf,Earth Observations Can Enable Cost-Effective Conservation of Eastern North Pacific Blue Whales: A Value of Information Analysis,"Bernknopf, Richard and Steinkruger, Andrew and Kuwayama, Yusuke",2021,bernknopf_earthobservationsenablecost_2021,Value of Information,,Biodiversity,,Ecological Conservation,,Remotely sensed data and information,fundamental;instrumental,instrumental
"P. Bettinger, et al., Stakeholder perceptions on the need for updated tree species distribution maps. Forests (2021). https://doi.org/10.3390/f12101367.",P. Bettinger,Stakeholder Perceptions On The Need For Updated Tree Species Distribution Maps,"Bettinger, Pete and Merry, Krista and Garzon, Alba Rocio Gutierrez and Lee, Taeyoon and Siry, Jacek and McNulty, Steve and Gavazzi, Michael",2021,bettinger_stakeholderperceptionsupdatedtree_2021,Surveys of preference assessments,,Agriculture,,Agriculture,,remote sensing,instrumental,instrumental
"I. Bobojonov, A. Aw-Hassan, R. Sommer, Index-based insurance for climate risk management and rural development in syria. Climate And Development (2014). https://doi.org/10.1080/17565529.2013.844676.",I. Bobojonov,Index-Based Insurance for Climate Risk Management and Rural Development in Syria,"Bobojonov, Ihtiyor and {Aw-Hassan}, Aden and Sommer, Rolf",2014,bobojonov_indexbasedinsuranceclimate_2014,Econometric analysis,,Agriculture,Climate,Agriculture,Climate & Resilience,MODIS,instrumental,instrumental
"M. Borowitz, J. Zhou, K. Azelton, I.-Y. Nassar, Examining the value of satellite data in halting transmission of polio in Nigeria: A socioeconomic analysis. Data & Policy 5, e16 (2023).",M. Borowitz,Examining the Value of Satellite Data in Halting Transmission of Polio in Nigeria: A Socioeconomic Analysis,"Borowitz, Mariel and Zhou, Janet and Azelton, Krystal and Nassar, Isabelle-Yara",2023,borowitz_examiningsatellitedatahalting_2023,Value of Information,,Health,,Health & Air Quality,Capacity Building,DigitalGlobe,fundamental;instrumental,instrumental
"S.-A. Boukabara, R. N. Hoffman, Optimizing observing systems using aspen: An analysis tool to assess the benefit and cost effectiveness of observations to earth system applications. Bulletin Of The American Meteorological Society (2022). https://doi.org/10.1175/bams-d-22-0004.1.",S.-A. Boukabara,Optimizing Observing Systems Using Aspen: An Analysis Tool to Assess the Benefit and Cost Effectiveness of Observations to Earth System Applications,"Boukabara, Sid-Ahmed and Hoffman, Ross N.",2022,boukabara_optimizingobservingsystemsaspen_2022,Cost-benefit analysis,,(various),,(various),,various,instrumental,instrumental
"J. A. Bouma, O. J. Kuik, H. J. van der Woerd, A. G. Dekker, The value of Earth Observation for marine water quality management in Remote Sensing of Environment, (2009), pp. 1–4.",J. A. Bouma,The Value of Earth Observation for Marine Water Quality Management,"Bouma, J. A. and Kuik, O. J. and {van der Woerd}, H. J. and Dekker, A. G.",2009,bouma_earthobservationmarinewater_2009,Bayesian Decision Analysis,Surveys of preference assessments,Agriculture,Ecosystems,Agriculture,Ecological Conservation,EO data,instrumental,instrumental
"J. A. Bouma, H. J. van der Woerd, O. J. Kuik, Assessing the value of information for water quality management in the North Sea. Journal of Environmental Management 90, 1280–1288 (2009).",J. A. Bouma,Assessing the Value of Information for Water Quality Management in the North Sea,"Bouma, J. A. and {van der Woerd}, H. J. and Kuik, O. J.",2009,bouma_assessinginformationwaterquality_2009,Bayesian Decision Analysis,Surveys of preference assessments,Ecosystems,Agriculture,Ecological Conservation,Agriculture,Global Earth Observation (hypothetical),fundamental;instrumental,instrumental
"J. A. Bouma, O. Kuik, A. G. Dekker, Assessing the value of Earth Observation for managing coral reefs: An example from the Great Barrier Reef. Science of The Total Environment 409, 4497–4503 (2011).",J. A. Bouma,Assessing the Value of Earth Observation for Managing Coral Reefs: An Example from the Great Barrier Reef,"Bouma, Jetske A. and Kuik, Onno and Dekker, Arnold G.",2011,bouma_assessingearthobservationmanaging_2011,Bayesian Decision Analysis,Surveys of preference assessments,Ecosystems,,Ecological Conservation,,Ocean color satellite data (hypothetical),fundamental;instrumental,instrumental
"J. Bouma, O. Kuik, A. Dekker, The Value of Earth Observation for Managing the Great Barrier Reef. (2009).",J. Bouma,The Value of Earth Observation for Managing the Great Barrier Reef,"Bouma, Jetske and Kuik, Onno and Dekker, Arnold",NA,bouma_earthobservationmanagingbarrier_2009,Bayesian Decision Analysis,Surveys of preference assessments,Ecosystems,,Ecological Conservation,,Ocean color satellite data (hypothetical),fundamental;instrumental,instrumental
"A. Bounfour, E. Lambin, How valuable is remotely sensed information? The case of tropical deforestation modelling. Space Policy (1999). https://doi.org/10.1016/s0265-9646(99)00025-9.",A. Bounfour,How Valuable Is Remotely Sensed Information? The Case of Tropical Deforestation Modelling,"Bounfour, A and Lambin, {\relax EF",1999,bounfour_valuableremotelysensedinformation_1999,Cost-benefit analysis,,Ecosystems,,Ecological Conservation,,Landsat,instrumental,instrumental
"D. S. Boyd, et al., Citizen science for earth observation (citzens4eo): Understanding current use in the uk. International Journal Of Remote Sensing (2022). https://doi.org/10.1080/01431161.2022.2076574.",D. S. Boyd,Citizen Science For Earth Observation (Citzens4eo): Understanding Current Use In The Uk,"Boyd, Doreen S. and Foody, Giles M. and Brown, Chloe and Mazumdar, Suvodeep and Marshall, Harry and Wardlaw, Jessica",2022,boyd_citizenscienceearthobservation_2022,Semi-structured and in-depth interviews,Surveys of preference assessments,(various),,(various),Capacity Building,Maxar WorldView imagery,instrumental;fundamental;eudaimonistic,instrumental;relational
"J. Brathwaite, J. H. Saleh, Bayesian framework for assessing the value of scientific space systems: Value of information approach with application to earth science spacecraft. Acta Astronautica 84, 24–35 (2013).",J. Brathwaite,Bayesian Framework for Assessing the Value of Scientific Space Systems: Value of Information Approach with Application to Earth Science Spacecraft,"Brathwaite, Joy and Saleh, Joseph H.",2013,brathwaite_bayesianframeworkassessingscientific_2013,Bayesian Decision Analysis,,Weather,,Climate & Resilience,,Hypothetical hurricane forecast,instrumental,instrumental
"D. J. Bridges, et al., Accuracy and impact of spatial aids based upon satellite enumeration to improve indoor residual spraying spatial coverage. Malaria Journal (2018). https://doi.org/10.1186/s12936-018-2236-2.",D. J. Bridges,Accuracy and Impact of Spatial Aids Based upon Satellite Enumeration to Improve Indoor Residual Spraying Spatial Coverage,"Bridges, Daniel J. and Pollard, Derek and Winters, Anna M. and Winters, Benjamin and Sikaala, Chadwick and Renn, Silvia and Larsen, David A.",2018,bridges_accuracyimpactspatialaids_2018,Econometric analysis,,Health,,Health & Air Quality,,Satellite imagery,fundamental,instrumental
"M. Bruno Soares, Assessing the usability and potential value of seasonal climate forecasts in land management decisions in the southwest UK: challenges and reflections. Adv. Sci. Res. 14, 175–180 (2017).",M. Bruno Soares,Assessing the Usability and Potential Value of Seasonal Climate Forecasts in Land Management Decisions in the Southwest UK: Challenges and Reflections,"Bruno Soares, Marta",2017,brunosoares_assessingusabilitypotentialseasonal_2017,Focus groups,Semi-structured and in-depth interviews,Agriculture,,Agriculture,,seasonal climate forecast,instrumental,instrumental
"A. Burgin, Compliance with european union environmental law: An analysis of digitalization effects on institutional capacities. Environmental Policy And Governance (2020). https://doi.org/10.1002/eet.1877.",A. Burgin,Compliance with European Union Environmental Law: An Analysis of Digitalization Effects on Institutional Capacities,"Burgin, Alexander",2020,burgin_complianceeuropeanunionenvironmental_2020,Semi-structured and in-depth interviews,,(other),,Capacity Building,,Copernicus;satellite;digitalization,instrumental,instrumental
"V. E. Cabrera, D. Letson, G. Podestá, The value of climate information when farm programs matter. Agricultural Systems 93, 25–42 (2007).",V. E. Cabrera,The Value of Climate Information When Farm Programs Matter,"Cabrera, Victor E. and Letson, David and Podest{\'a}, Guillermo",2007,cabrera_climateinformationfarmprograms_2006,Value of Information,,Agriculture,,Agriculture,,ENSO forecasts,instrumental,instrumental
"A. Chamuah, R. Singh, Securing sustainability in indian agriculture through civilian uav: a responsible innovation perspective. Sn Applied Sciences (2020). https://doi.org/10.1007/s42452-019-1901-6.",A. Chamuah,Securing Sustainability in Indian Agriculture through Civilian Uav: A Responsible Innovation Perspective,"Chamuah, Anjan and Singh, Rajbeer",2020,chamuah_securingsustainabilityindianagriculture_2020,Semi-structured and in-depth interviews,,Agriculture,,Agriculture,,UAV,fundamental;instrumental; eudaimonistic,relational;instrumental
"C.-C. Chen, B. McCarl, H. Hill, Agricultural Value of ENSO Information under Alternative Phase Definition. Climatic Change 54, 305–325 (2002).",C.-C. Chen,Agricultural Value of ENSO Information under Alternative Phase Definition,"Chen, Chi-Chung and McCarl, Bruce and Hill, Harvey",2002,chen_agriculturalensoinformationalternative_2002,Value of Information,,Agriculture,Climate,Agriculture,Climate & Resilience,ENSO forecasts,instrumental,instrumental
"B. R. Christensen, Use of UAV or remotely piloted aircraft and forward-looking infrared in forest, rural and wildland fire management: evaluation using simple economic analysis. N.Z. j. of For. Sci. 45, 16 (2015).",B. R. Christensen,"Use of Uav or Remotely Piloted Aircraft and Forward-Looking Infrared in Forest, Rural and Wildland Fire Management: Evaluation Using Simple Economic Analysis","Christensen, B. R.",2015,christensen_uavremotelypilotedaircraft_2015,Surveys of preference assessments,Cost-benefit analysis,Disasters,,Wildland Fires,,UAV,instrumental,instrumental
"F. Collard, C. Haritchabalet, Valuing satellite systems to support fishing in a dynamic competitive model. Applied Economics (2012). https://doi.org/10.1080/00036846.2010.526581.",F. Collard,Valuing Satellite Systems To Support Fishing In A Dynamic Competitive Model,"Collard, F. and Haritchabalet, C.",2012,collard_valuingsatellitesystemssupport_2012,Value of Information,,Agriculture,,Agriculture,,hypothetical satellite system to detect fish (For example Collecte Localisation Satellites (http://www.cls.fr/) and Orbimage (http://www.orbimage.com/) have both developed satellite system tracking tuna shoals over the world.),instrumental,instrumental
"M. Colloredo-Mansfeld, F. J. Laso, J. Arce-Nazario, Drone-based participatory mapping: Examining local agricultural knowledge in the galapagos. Drones (2020). https://doi.org/10.3390/drones4040062.",M. Colloredo-Mansfeld,Drone-Based Participatory Mapping: Examining Local Agricultural Knowledge In The Galapagos,"Colloredo-Mansfeld, Mia and Laso, Francisco J. and Arce-Nazario, Javier",2020,colloredomansfeld_dronebasedparticipatorymapping_2020,Semi-structured and in-depth interviews,Photo-elicitation surveys,Agriculture,Biodiversity,Agriculture,Ecological Conservation,UAV,fundamental;instrumental;eudaimonistic,instrumental;relational
"R. Cooke, et al., Using the social cost of carbon to value earth observing systems. Climate Policy (2017). https://doi.org/10.1080/14693062.2015.1110109%2520and%2520ce%2520and%2520real%2520option%2520value%2520and%2520social%2520cost%2520of%2520carbon%2520and%2520value%2520of%2520information%2520and%2520united%2520states%2520and%2520carbon%2520emission%2520and%2520decision%2520making%2520and%2520emission%2520control%2520and%2520environmental%2520economics%2520and%2520environmental%2520policy.",R. Cooke,Using the Social Cost of Carbon to Value Earth Observing Systems,"Cooke, R. and Golub, A. and Wielicki, B. A. and Young, D. F. and Mlynczak, M. G. and Baize, R. R.",2017,cooke_socialcostcarbonearth_2017,Value of Information,Real options analysis,Climate,,Climate & Resilience,,CLARREO,instrumental,instrumental
"R. Cooke, A. Golub, Market-based methods for monetizing uncertainty reduction. Environ Syst Decis 40, 3–13 (2020).",R. Cooke,Market-Based Methods for Monetizing Uncertainty Reduction,"Cooke, Roger and Golub, Alexander",2020,cooke_marketbasedmethodsmonetizing_2020,Real options analysis,Value of Information,Agriculture,,Agriculture,,SMAP,instrumental,instrumental
"R. Cooke, B. A. Wielicki, D. F. Young, M. G. Mlynczak, Value of information for climate observing systems. Environ Syst Decis 34, 98–109 (2014).",R. Cooke,Value of Information for Climate Observing Systems,"Cooke, Roger and Wielicki, Bruce A. and Young, David F. and Mlynczak, Martin G.",2014,cooke_informationclimateobservingsystems_2014,Value of Information,,Climate,,Climate & Resilience,,CLARREO,instrumental,instrumental
"C. J. Costello, R. M. Adams, S. Polasky, The Value of El Niño Forecasts in the Management of Salmon: A Stochastic Dynamic Assessment. American J Agri Economics 80, 765–777 (1998).",C. J. Costello,The Value of El Nino Forecasts in the Management of Salmon: A Stochastic Dynamic Assessment,"Costello, Christopher J. and Adams, Richard M. and Polasky, Stephen",1998,costello_elninoforecastsmanagement_2020,Value of Information,,Agriculture,Biodiversity,Agriculture,Ecological Conservation,ENSO forecasts,instrumental,instrumental
"L. Cristini, et al., Cost and value of multidisciplinary fixed-point ocean observatories. Marine Policy 71, 138–146 (2016).",L. Cristini,Cost and Value of Multidisciplinary Fixed-Point Ocean Observatories,"Cristini, Luisa and Lampitt, Richard S. and Cardin, Vanessa and Delory, Eric and Haugan, Peter and O'Neill, Nick and Petihakis, George and Ruhl, Henry A.",2016,cristini_costmultidisciplinaryfixedocean_2016,Cost-benefit analysis,,Weather,Ecosystems,Climate & Resilience,Ecological Conservation,FixO3 ocean observatory network,instrumental,instrumental
"F. Destandau, A. P. Diop, An analysis of the value of additional information provided by a water quality measurement network. Journal of Water Resource and Protection 8, 767 (2016).",F. Destandau,An Analysis of the Value of Additional Information Provided by a Water Quality Measurement Network,"Destandau, F. and Diop, A. P.",2016,destandau_analysisadditionalinformationprovided_2016,Bayesian Decision Analysis,,Water,Ecosystems,Water Resources,Ecological Conservation,Water quality monitoring networks,instrumental,instrumental
"F. Destandau, Y. Zaiter, Spatio-temporal design for a water quality monitoring network maximizing the economic value of information to optimize the detection of accidental pollution. Water Resources and Economics 32, 100156 (2020).",F. Destandau,Spatio-Temporal Design for a Water Quality Monitoring Network Maximizing the Economic Value of Information to Optimize the Detection of Accidental Pollution,"Destandau, Fran{\c c}ois and Zaiter, Youssef",2020,destandau_spatiotemporaldesignwater_2020,Value of Information,,Water,Ecosystems,Water Resources,Ecological Conservation,Water quality monitoring networks,instrumental,instrumental
"G. Di Lallo, P. Mundhenk, M. Marchetti, M. Köhl, Understanding measurement reporting and verification systems for redd+ as an investment for generating carbon benefits. Forests (2017). https://doi.org/10.3390/f8080271.",G. Di Lallo,Understanding Measurement Reporting And Verification Systems For Redd+ As An Investment For Generating Carbon Benefits,"Di Lallo, G. and Mundhenk, P. and Marchetti, M. and Köhl, M.",2017,dilallo_understandingmeasurementreportingverification_2017,Cost-benefit analysis,Value of Information,Agriculture,Climate,Agriculture,Climate & Resilience,Satellite imagery;lidar,fundamental;instrumental,instrumental
"I. Diafas, P. Panagos, L. Montanarella, Willingness to Pay for Soil Information Derived by Digital Maps: A Choice Experiment Approach. Vadose Zone Journal 12, 1–8 (2013).",I. Diafas,Willingness to Pay for Soil Information Derived by Digital Maps: A Choice Experiment Approach,"Diafas, Iason and Panagos, Panos and Montanarella, Luca",2013,diafas_willingnesspaysoilinformation_2012,Stated preference,,Agriculture,Water,Agriculture,Water Resources,airborne hyper-spectral among other ground-based systems,instrumental,instrumental
"S. R. Diana, F. Farida, Applying bag of words approach to determine remote sensing technology acceptance among smallholder plantations. Arab Gulf Journal Of Scientific Research (2023). https://doi.org/10.1108/agjsr-02-2023-0056.",S. R. Diana,Applying Bag of Words Approach to Determine Remote Sensing Technology Acceptance among Smallholder Plantations,"Diana, S. R. and Farida, F.",2023,diana_applyingbagwordsapproach_2023,Focus groups,Semi-structured and in-depth interviews,Agriculture,,Agriculture,,Remote sensing,fundamental;instrumental,instrumental
"S. R. Diana, F. Farida, Economic Potential of Oil Palm Plantation Using Remote Sensing-Based Technology in Indonesia. ajtm 14, 19–34 (2021).",S. R. Diana,Economic Potential of Oil Palm Plantation Using Remote Sensing-Based Technology in Indonesia,"Center for Aerospace Policy Studies, National Institute of Aeronautics and Space (LAPAN), Indonesia} and Diana, Shinta Rahma and Farida, Farida and {Faculty of Economics and Bussiness, UPI, YAI, Indonesia",2021,diana_economicpotentialoilpalm_2021,Econometric analysis,,Agriculture,,Agriculture,,SPOT,instrumental,instrumental
"S. R. Diana, I. M. Ibrahim, Intangible economic benefit of remote sensing data in Indonesia. IJRBS 9, 150–159 (2020).",S. R. Diana,Intangible Economic Benefit of Remote Sensing Data in Indonesia,"Diana, Shinta Rahma and Ibrahim, Ida Musdafia",2020,diana_intangibleeconomicbenefitremote_2020,Surveys of preference assessments,Semi-structured and in-depth interviews,Agriculture,,Agriculture,,remote sensing,fundamental;instrumental,instrumental
"E. Diez, B. S. McIntosh, Organisational drivers for, constraints on and impacts of decision and information support tool use in desertification policy and management. Environmental Modelling & Software (2011). https://doi.org/10.1016/j.envsoft.2010.04.003.",E. Diez,"Organisational Drivers for, Constraints on and Impacts of Decision and Information Support Tool Use in Desertification Policy and Management","Diez, Esther and McIntosh, Brian S.",2011,diez_organisationaldriversconstraintsimpacts_2011,Semi-structured and in-depth interviews,,Agriculture,,Agriculture,,,fundamental;instrumental,instrumental
"H. M. I. Ebaid, S. S. Ismail, Lake nasser evaporation reduction study. Journal Of Advanced Research (2010). https://doi.org/10.1016/j.jare.2010.09.002.",H. M. I. Ebaid,Lake Nasser Evaporation Reduction Study,"Ebaid, Hala M. I. and Ismail, Sherine S.",2010,ebaid_lakenasserevaporationreduction_2010,Value of Information,,Water,,Water Resources,,remote sensing and GIS,fundamental,instrumental
"S. Eilola, N. Kayhko, N. Fagerholm, Lessons learned from participatory land use planning with high-resolution remote sensing images in tanzania: Practitioners’ and participants’ perspectives. Land Use Policy (2021). https://doi.org/10.1016/j.landusepol.2021.105649.",S. Eilola,Lessons Learned from Participatory Land Use Planning with High-Resolution Remote Sensing Images in Tanzania: Practitioners' and Participants' Perspectives,"Eilola, Salla and Kayhko, Niina and Fagerholm, Nora",2021,eilola_lessonslearnedparticipatoryland_2021,Semi-structured and in-depth interviews,Focus groups,(various),,(various),Capacity Building,satellite imagery; aerial imagery,fundamental;eudaimonistic,instrumental;relational
"Y. S. Eom, J. H. Hong, Measuring the economic benefits of an environmental monitoring satellite project: The value of information approach. Space Policy 29, 203–209 (2013).",Y. S. Eom,Measuring the Economic Benefits of an Environmental Monitoring Satellite Project: The Value of Information Approach,"Eom, Young Sook and Hong, Jong Ho",2013,eom_measuringeconomicbenefitsenvironmental_2013,Stated preference,,Health,,Health & Air Quality,,GEMS,fundamental;instrumental,instrumental
"J. R. B. Fisher, E. A. Acosta, P. J. Dennedy-Frank, T. Kroeger, T. M. Boucher, Impact of satellite imagery spatial resolution on land use classification accuracy and modeled water quality. Remote Sensing In Ecology And Conservation (2018). https://doi.org/10.1002/rse2.61.",J. R. B. Fisher,Impact of Satellite Imagery Spatial Resolution on Land Use Classification Accuracy and Modeled Water Quality,"Fisher, Jonathan R. B. and Acosta, Eileen A. and {Dennedy-Frank}, P. James and Kroeger, Timm and Boucher, Timothy M.",2018,fisher_impactsatelliteimageryspatial_2018,Cost-benefit analysis,,Water,,Water Resources,,Digital Globe;Landsat,instrumental,instrumental
"P. D. Fisher, M. Abuzar, M. A. Rab, F. Best, S. Chandra, Advances in precision agriculture in south-eastern australia. I. A regression methodology to simulate spatial variation in cereal yields using farmers’ historical paddock yields and normalised difference vegetation index. Crop & Pasture Science (2009). https://doi.org/10.1071/cp08347.",P. D. Fisher,Advances In Precision Agriculture In South-Eastern Australia. I. A Regression Methodology To Simulate Spatial Variation In Cereal Yields Using Farmers' Historical Paddock Yields And Normalised Difference Vegetation Index,"Fisher, P. D. and Abuzar, M. and Rab, M. A. and Best, F. and Chandra, S.",2009,fisher_advancesprecisionagriculturesouth_2009,Value of Information,,Agriculture,,Agriculture,,Landsat;SPOT,instrumental,instrumental
"J. K. Fletcher, et al., Tropical africa’s first testbed for high-impact weather forecasting and nowcasting. Bulletin Of The American Meteorological Society (2023). https://doi.org/10.1175/bams-d-21-0156.1.",J. K. Fletcher,Tropical Africa's First Testbed For High-Impact Weather Forecasting And Nowcasting,"Fletcher, J. K. and Diop, C. A. and Adefisan, E. and Ahiataku, M. A. and Ansah, S. O. and Birch, C. E. and Burns, H. L. and Clarke, S. J. and Gacheru, J. and James, T. D. and Tuikong, C. K. Ngetich and Koros, D. and Indasi, V. S. and Lamptey, B. L. and Lawal, K. A. and Parker, D. J. and Roberts, A. J. and Stein, T. H. M. and Visman, E. and Warner, J. and Woodhams, B. J. and Youds, L. H. and Ajayi, V. O. and Bosire, E. N. and Cafaro, C. and Camara, C. A. T. and Chanzu, B. and Dione, C. and Gitau, W. and Groves, D. and Groves, J. and Hill, P. G. and Ishiyaku, I. and Klein, C. M. and Marsham, J. H. and Mutai, B. K. and Ndiaye, P. N. and Osei, M. and Popoola, T. I. and Talib, J. and Taylor, C. M. and Walker, D.",2023,fletcher_tropicalafrica'stestbedimpact_2023,Surveys of preference assessments,,Weather,,Climate & Resilience,Capacity Building,African Science for Weather Information and Forecasting Techniques,fundamental;instrumental,instrumental
"J. Florens, C. Foucher, Pollution monitoring: Optimal design of inspection - an economic analysis of the use of satellite information to deter oil pollution. Journal Of Environmental Economics And Management (1999). https://doi.org/10.1006/jeem.1999.1072.",J. Florens,Pollution Monitoring: Optimal Design of Inspection - an Economic Analysis of the Use of Satellite Information to Deter Oil Pollution,"Florens, {\relax JP} and Foucher, C",1999,florens_pollutionmonitoringoptimaldesign_1999,Cost-benefit analysis,,Ecosystems,,Ecological Conservation,,Satellite imagery,fundamental;instrumental,instrumental
"W. M. Forney, R. Raunikar, S. Mishra, R. Bernknopf, An economic value of remote-sensing information: Application to agricultural production and maintaining ground waterquality in 2012 Socio-Economic Benefits Workshop: Defining, Measuring, and Communicating the Socio-Economic Benefits of Geospatial Information, (IEEE, 2012), pp. 1–6.",W. M. Forney,An Economic Value of Remote Sensing Information: Application to Agricultural Production and Maintaining Groundwater Quality,"Forney, William M. and Raunikar, R. and Mishra, Shruti and Bernknopf, R.",2012,forney_economicremotesensinginformation_2012,Value of Information,,Water,Agriculture,Water Resources,Agriculture,MRLI (Landsat),instrumental,instrumental
"C. Fraccaroli, et al., Climate data for the european forestry sector: From end-user needs to opportunities for climate resilience. Climate Services (2021). https://doi.org/10.1016/j.cliser.2021.100247.",C. Fraccaroli,Climate Data for the European Forestry Sector: From End-User Needs to Opportunities for Climate Resilience,"Fraccaroli, Cecilia and Govigli, Valentino Marini and Briers, Siebe and Cerezo, Nieves Pena and Jimenez, Jorge Paz and Romero, Maria and Lindner, Marcus and {de Arano}, Inazio Martinez",2021,fraccaroli_climatedataeuropeanforestry_2021,Semi-structured and in-depth interviews,,Agriculture,Climate,Agriculture,Climate & Resilience,Copernicus Climate Change Services (C3S),fundamental,instrumental
"J. Francis, M. Disney, S. Law, Monitoring canopy quality and improving equitable outcomes of urban tree planting using lidar and machine learning. Urban Forestry & Urban Greening (2023). https://doi.org/10.1016/j.ufug.2023.128115.",J. Francis,Monitoring Canopy Quality and Improving Equitable Outcomes of Urban Tree Planting Using Lidar and Machine Learning,"Francis, John and Disney, Mathias and Law, Stephen",2023,francis_monitoringcanopyqualityimproving_2023,Value of Information,,Agriculture,Climate,Agriculture,Climate & Resilience,lidar,fundamental,instrumental;relational
"S. Fritz, R. J. Scholes, M. Obersteiner, J. Bouma, B. Reyers, A Conceptual Framework for Assessing the Benefits of a Global Earth Observation System of Systems. IEEE Systems Journal 2, 338–348 (2008).",S. Fritz,A Conceptual Framework for Assessing the Benefits of a Global Earth Observation System of Systems,"Fritz, S. and Scholes, R.J. and Obersteiner, M. and Bouma, J. and Reyers, B.",2008,fritz_conceptualframeworkassessingbenefits_2008,Value of Information,Cost-benefit analysis,(various),,(various),,,instrumental;fundamental,instrumental
"S. Fuss, J. Szolgayova, M. Obersteiner, A real options approach to satellite mission planning. Space Policy (2008). https://doi.org/10.1016/j.spacepol.2008.09.008.",S. Fuss,A Real Options Approach to Satellite Mission Planning,"Fuss, Sabine and Szolgayova, Jana and Obersteiner, Michael",2008,fuss_realoptionsapproachsatellite_2008,Real options analysis,,Disasters,,Disasters,,Satellite imagery,instrumental,instrumental
"M. Glantz, The value of a Long-Range weather Forecast for the west African sahel. 58 (1977).",M. Glantz,The Value Of A Long-Range Weather Forecast For The West African Sahel,"Glantz, Michael",1977,glantz_rangeweatherforecastwest_1977,Surveys of preference assessments,Value of Information,Agriculture,,Agriculture,,hypothetical long-range weather forecast system,fundamental;instrumental,instrumental
"N. C. Gonzalez, M. Kroger, The adoption of earth-observation technologies for deforestation monitoring by indigenous people: Evidence from the amazon. Globalizations (2023). https://doi.org/10.1080/14747731.2022.2093556.",N. C. Gonzalez,The Adoption Of Earth-Observation Technologies For Deforestation Monitoring By Indigenous People: Evidence From The Amazon,"Gonzalez, Nidia Catherine and Kroger, Markus",2023,gonzalez_adoptionearthobservationtechnologies_2023,Focus groups,Semi-structured and in-depth interviews,Agriculture,,Capacity Building,Agriculture,"forest monitoring technology (satellite, drone)",fundamental;eudaimonistic,instrumental;relational
"N. E. Graham, K. P. Georgakakos, C. Vargas, M. Echevers, Simulating the value of El Niño forecasts for the Panama Canal. Advances in Water Resources 29, 1665–1677 (2006).",N. E. Graham,Simulating the Value of El Nino Forecasts for the Panama Canal,"Graham, Nicholas E. and Georgakakos, Konstantine P. and Vargas, Carlos and Echevers, Modesto",2006,graham_simulatingelninoforecasts_2006,Value of Information,,Water,,Water Resources,,NINO3 SST ENSO forecast,instrumental,instrumental
"A. Haara, A. Kangas, S. Tuominen, Economic losses caused by tree species proportions and site type errors in forest management planning. Silva Fennica (2019). https://doi.org/10.14214/sf.10089.",A. Haara,Economic Losses Caused By Tree Species Proportions And Site Type Errors In Forest Management Planning,"Haara, Arta and Kangas, Annika and Tuominen, Sakari",2019,haara_economiclossescausedtree_2019,Value of Information,,Agriculture,,Agriculture,,aerial imagery; satellite imagery; airborne laser scanning,instrumental,instrumental
"D. L. Halsing, K. Theissen, R. Bernknopf, A cost-benefit analysis of The National Map. Circular (2004). https://doi.org/10.3133/cir1271.",D. L. Halsing,A Cost-Benefit Analysis of The National Map,"Halsing, David L. and Theissen, Kevin and Bernknopf, Richard",2004,halsing_costbenefitanalysisnational_2004,Cost-benefit analysis,,(various),,(various),,National Map,instrumental,instrumental
"J. W. Hansen, A. Mishra, K. P. C. Rao, M. Indeje, R. K. Ngugi, Potential value of GCM-based seasonal rainfall forecasts for maize management in semi-arid Kenya. Agricultural Systems 101, 80–90 (2009).",J. W. Hansen,Potential Value Of Gcm-Based Seasonal Rainfall Forecasts For Maize Management In Semi-Arid Kenya,"Hansen, James",2009,hansen_potentialgcmbasedseasonal_2009,Value of Information,,Agriculture,,Agriculture,,GCM precipitation forecast,instrumental,instrumental
"R. Harris, N. Olby, Pricing policy and legal issues: 6th and 7th EOPOLE workshops. Space Policy 16, 287–290 (2000).",R. Harris,Pricing Policy and Legal Issues: 6th and 7th EOPOLE Workshops,"Harris, Ray and Olby, Nicola",2000,harris_pricingpolicylegalissues_2000,Market price-based methods,,(various),,(various),,various,instrumental,instrumental
"J. Haskins, et al., Uav to inform restoration: a case study from a california tidal marsh. Frontiers In Environmental Science (2021). https://doi.org/10.3389/fenvs.2021.642906.",J. Haskins,Uav To Inform Restoration: A Case Study From A California Tidal Marsh,"Haskins, John and Endris, Charlie and Thomsen, Alexandra S. and Gerbl, Fuller and Fountain, Monique C. and Wasson, Kerstin",2021,haskins_uavinformrestorationstudy_2021,Cost-benefit analysis,,Ecosystems,,Ecological Conservation,,UAV,fundamental;instrumental,instrumental
"R. Hautala, et al., 'Benefits of meteorological services in South Eastern Europe' (VTT Technical Research Centre of Finland, 2008).",R. Hautala,Benefits Of Meteorological Services In South Eastern Europe,"Hautala, Raine",2008,hautala_benefitsmeteorologicalservicessouth_2008,Value of Information,Market price-based methods,(various),,(various),,meteorological and hydrological services,instrumental,instrumental
"G. C. Hays, et al., Translating marine animal tracking data into conservation policy and management. Trends In Ecology & Evolution (2019). https://doi.org/10.1016/j.tree.2019.01.009.",G. C. Hays,Translating Marine Animal Tracking Data into Conservation Policy and Management,"Hays, Graeme C. and Bailey, Helen and Bograd, Steven J. and Bowen, W. Don and Campagna, Claudio and Carmichael, Ruth H. and Casale, Paolo and Chiaradia, Andre and Costa, Daniel P. and Cuevas, Eduardo and {de Bruyn}, P. J. Nico and Dias, Maria P. and Duarte, Carlos M. and Dunn, Daniel C. and Dutton, Peter H. and Esteban, Nicole and Friedlaender, Ari and Goetz, Kimberly T. and Godley, Brendan J. and Halpin, Patrick N. and Hamann, Mark and Hammerschlag, Neil and Harcourt, Robert and Harrison, Autumn-Lynn and Hazen, Elliott L. and Heupel, Michelle R. and Hoyt, Erich and Humphries, Nicolas E. and Kot, Connie Y. and Lea, James S. E. and Marsh, Helene and Maxwell, Sara M. and McMahon, Clive R. and {di Sciara}, Giuseppe Notarbartolo and Palacios, Daniel M. and Phillips, Richard A. and Righton, David and Schofield, Gail and Seminoff, Jeffrey A. and Simpfendorfer, Colin A. and Sims, David W. and Takahashi, Akinori and Tetley, Michael J. and Thums, Michele and Trathan, Philip N. and {Villegas-Amtmann}, Stella and Wells, Randall S. and Whiting, Scott D. and Wildermann, Natalie E. and Msequeira, Ana M. M.",2019,hays_translatingmarineanimaltracking_2019,Semi-structured and in-depth interviews,,Ecosystems,Biodiversity,Ecological Conservation,,marine animal tracking data,fundamental,instrumental
"L. Heldt, P. Beske-Janssen, Solutions from space? A dynamic capabilities perspective on the growing use of satellite technology for managing sustainability in multi-tier supply chains. International Journal Of Production Economics (2023). https://doi.org/10.1016/j.ijpe.2023.108864.",L. Heldt,Solutions From Space? A Dynamic Capabilities Perspective On The Growing Use Of Satellite Technology For Managing Sustainability In Multi-Tier Supply Chains,"Heldt, Lisa and Beske-Janssen, Philip",2023,heldt_solutionsspacedynamiccapabilities_2023,Semi-structured and in-depth interviews,,Agriculture,,Agriculture,,satellite forest monitoring,fundamental,instrumental
"V. Herr, et al., A method for estimating the socioeconomic impact of Earth observations in wildland fire suppression decisions. Int. J. Wildland Fire 29, 282 (2020).",V. Herr,A Method for Estimating the Socioeconomic Impact of Earth Observations in Wildland Fire Suppression Decisions,"Herr, Vincent and Kochanski, Adam K. and Miller, Van V. and McCrea, Rich and O'Brien, Dan and Mandel, Jan",2020,herr_methodestimatingsocioeconomicimpact_2020,Value of Information,,Disasters,,Wildland Fires,,MODIS,instrumental,instrumental
"M. Holopainen, M. Talvitie, Effect of data acquisition accuracy on timing of stand harvests and expected net present value. Silva Fennica (2006). https://doi.org/10.14214/sf.335.",M. Holopainen,Effect Of Data Acquisition Accuracy On Timing Of Stand Harvests And Expected Net Present Value,"Holopainen, Markus and Talvitie, Mervi",2006,holopainen_effectdataacquisitionaccuracy_2006,Value of Information,Cost-benefit analysis,Agriculture,,Agriculture,,,instrumental,instrumental
"J. Honey-Roses, J. Lopez-Garcia, E. Rendon-Salinas, A. Peralta-Higuera, C. Galindo-Leal, To pay or not to pay? Monitoring performance and enforcing conditionality when paying for forest conservation in mexico. Environmental Conservation (2009). https://doi.org/10.1017/s0376892909990063.",J. Honey-Roses,To Pay or Not to Pay? Monitoring Performance and Enforcing Conditionality When Paying for Forest Conservation in Mexico,"Honey-Roses}, Jordi and {Lopez-Garcia}, Jose and {Rendon-Salinas}, Eduardo and {Peralta-Higuera}, Armando and {Galindo-Leal}, Carlos",2009,honeyroses_paypaymonitoringperformance_2009,Value of Information,,Ecosystems,,Ecological Conservation,,aerial imagery,fundamental;instrumental,instrumental
"M. Isik, D. Hudson, K. Coble, The value of site-specific information and the environment: Technology adoption and pesticide use under uncertainty. Journal Of Environmental Management (2005). https://doi.org/10.1016/j.jenvman.2005.01.024.",M. Isik,The Value of Site-Specific Information and the Environment: Technology Adoption and Pesticide Use under Uncertainty,"Isik, M and Hudson, D and Coble, {\relax KH",2005,isik_sitespecificinformationenvironment_2005,Cost-benefit analysis,Real options analysis,Agriculture,,Agriculture,,remote sensing,instrumental,instrumental
"C. Jabbour, A. Hoayek, P. Maurel, H. Rey-Valette, J.-M. Salles, How much would you pay for a satellite image?: Lessons learned from french spatial-data infrastructure. Ieee Geoscience And Remote Sensing Magazine (2020). https://doi.org/10.1109/mgrs.2019.2941751.",C. Jabbour,How Much Would You Pay for a Satellite Image?: Lessons Learned from French Spatial-Data Infrastructure,"Jabbour, Chady and Hoayek, Anis and Maurel, Pierre and {Rey-Valette}, Helene and Salles, Jean-Michel",2020,jabbour_paysatelliteimagelessons_2020,Stated preference,,(various),,(various),,GEOSUD,instrumental,instrumental
"C. Jabbour, A. Hoayek, J.-M. Salles, Formalizing a two-step decision-making process in land use: Evidence from controlling forest clearcutting using spatial information. Land (2023). https://doi.org/10.3390/land12010015.",C. Jabbour,Formalizing a Two-Step Decision-Making Process in Land Use: Evidence from Controlling Forest Clearcutting Using Spatial Information,"Jabbour, Chady and Hoayek, Anis and Salles, Jean-Michel",2023,jabbour_formalizingstepdecisionprocess_2023,Bayesian Decision Analysis,Stated preference,Agriculture,,Agriculture,,GEOSUD,instrumental,instrumental
"K. Jantke, C. Schleupner, U. A. Schneider, Benefits of earth observation data for conservation planning in the case of european wetland biodiversity. Environmental Conservation (2013). https://doi.org/10.1017/s0376892912000331.",K. Jantke,Benefits of Earth Observation Data for Conservation Planning in the Case of European Wetland Biodiversity,"Jantke, Kerstin and Schleupner, Christine and Schneider, Uwe A.",2013,jantke_benefitsearthobservationdata_2013,Cost-benefit analysis,,Ecosystems,Biodiversity,Ecological Conservation,,,fundamental;instrumental,instrumental
"D. Jin, P. Hoagland, The value of harmful algal bloom predictions to the nearshore commercial shellfish fishery in the Gulf of Maine. Harmful Algae 7, 772–781 (2008).",D. Jin,The Value of Harmful Algal Bloom Predictions to the Nearshore Commercial Shellfish Fishery in the Gulf of Maine,"Jin, Di and Hoagland, Porter",2008,jin_harmfulalgalbloompredictions_2008,Value of Information,,Agriculture,,Agriculture,,HAB predictions (not necessarily EO based),instrumental,instrumental
"J. W. Jones, J. W. Hansen, F. S. Royce, C. D. Messina, Potential benefits of climate forecasting to agriculture. Agriculture, Ecosystems & Environment 82, 169–184 (2000).",J. W. Jones,Potential Benefits Of Climate Forecasting To Agriculture,"Jones, J.W.",2000,jones_potentialbenefitsclimateforecasting_2000,Value of Information,,Agriculture,,Agriculture,,ENSO forecasts,instrumental,instrumental
"M. J. Kaiser, A. G. Pulsipher, The potential value of improved ocean observation systems in the Gulf of Mexico. Marine Policy 28, 469–489 (2004).",M. J. Kaiser,The Potential Value of Improved Ocean Observation Systems in the Gulf of Mexico,"Kaiser, Mark J. and Pulsipher, Allan G.",2004,kaiser_potentialimprovedoceanobservation_2004,Value of Information,,(various),,(various),,Ocean observing network,instrumental,instrumental
"A. Kangas, T. Gobakken, S. Puliti, M. Hauglin, E. Naesset, Value of airborne laser scanning and digital aerial photogrammetry data in forest decision making. Silva Fennica (2018). https://doi.org/10.14214/sf.9923.",A. Kangas,Value of Airborne Laser Scanning and Digital Aerial Photogrammetry Data in Forest Decision Making,"Kangas, A. and Gobakken, T. and Puliti, S. and Hauglin, M. and Naesset, E.",2018,kangas_airbornelaserscanningdigital_2018,Value of Information,,Agriculture,,Agriculture,,airborne laser scanning; digital aerial photogrammetry,instrumental,instrumental
"T. Keenan, et al., The sydney 2000 world weather research programme forecast demonstration project. Bulletin Of The American Meteorological Society (2003). https://doi.org/10.1175/bams-84-8-1041.",T. Keenan,The Sydney 2000 World Weather Research Programme Forecast Demonstration Project,"Keenan, T. and Joe, P. and Wilson, J. and Collier, C. and Golding, B. and Burgess, D. and May, P. and Pierce, C. and Bally, J. and Crook, A. and Seed, A. and Sills, D. and Berry, L. and Potts, R. and Bell, I. and Fox, N. and Ebert, E. and Eilts, M. and O'Loughlin, K. and Webb, R. and Carbone, R. and Browning, K. and Roberts, R. and Mueller, C.",2003,keenan_sydney2000worldweather_2003,Surveys of preference assessments,,Weather,,Climate & Resilience,,Nine different observationally based nowcasting systems,instrumental,instrumental
"P. L. Kenkel, P. E. Norris, Agricultural Producers’ Willingness to Pay for Real-Time Mesoscale Weather Information. Journal of Agricultural and Resource Economics 20, 356–372 (1995).",P. L. Kenkel,Agricultural Producers' Willingness to Pay for Real-Time Mesoscale Weather Information,"Kenkel, Phil L. and Norris, Patricia E.",1995,kenkel_agriculturalproducerswillingnesspay_1995,Stated preference,,Agriculture,,Agriculture,,Mesonet weather network,instrumental,instrumental
"N. Khabarov, E. Moltchanova, M. Obersteiner, Valuing Weather Observation Systems For Forest Fire Management. IEEE Systems Journal 2, 349–357 (2008).",N. Khabarov,Valuing Weather Observation Systems For Forest Fire Management,"Khabarov, N. and Moltchanova, E. and Obersteiner, M.",2008,khabarov_valuingweatherobservationsystems_2008,Value of Information,,Disasters,,Wildland Fires,,Aerial observation data,instrumental,instrumental
"J.-H. Kim, H. Lim, J. Shin, S.-H. Yoo, Evaluating the public value of improving early detection accuracy of cumulonimbus using a geostationary satellite in south korea. Space Policy (2022). https://doi.org/10.1016/j.spacepol.2022.101507.",J.-H. Kim,Evaluating the Public Value of Improving Early Detection Accuracy of Cumulonimbus Using a Geostationary Satellite in South Korea,"Kim, Ju-Hee and Lim, Hancheol and Shin, Jinho and Yoo, Seung-Hoon",2022,kim_evaluatingpublicimprovingdetection_2022,Stated preference,,Weather,,(other),,Cheollian Satellite 2A called Geo-Kompsat-2A,instrumental,instrumental
"H. Kite-Powell, The Value of Ocean Surface Wind Information for Maritime Commerce. mar technol soc j 45, 75–84 (2011).",H. Kite-Powell,The Value of Ocean Surface Wind Information for Maritime Commerce,"Kite-Powell}, Hauke",2011,kitepowell_oceansurfacewindinformation_2011,Value of Information,,Weather,,(other),,Various instrument systems,instrumental,instrumental
"A. Koppa, et al., A Scalable Earth Observations‐Based Decision Support System for Hydropower Planning in Africa. J American Water Resour Assoc 57, 711–736 (2021).",A. Koppa,A Scalable Earth Observations-Based Decision Support System for Hydropower Planning in Africa,"Koppa, Akash and Gebremichael, Mekonnen and Hopson, Thomas M. and Riddle, Emily and Boehnert, Jennifer and Broman, Daniel P.",2021,koppa_scalableearthobservationsbased_2021,Value of Information,,Water,,Water Resources,,Earth Observing System derived P and ET datasets,fundamental,instrumental
"S. V. Kumar, K. W. Harrison, C. D. Peters-Lidard, J. A. Santanello, D. Kirschbaum, Assessing the impact of l-band observations on drought and flood risk estimation: a decision-theoretic approach in an osse environment. Journal Of Hydrometeorology (2014). https://doi.org/10.1175/jhm-d-13-0204.1.",S. V. Kumar,Assessing the Impact of L-Band Observations on Drought and Flood Risk Estimation: A Decision-Theoretic Approach in an Osse Environment,"Kumar, Sujay V. and Harrison, Kenneth W. and {Peters-Lidard}, Christa D. and Santanello, Jr., Joseph A. and Kirschbaum, Dalia",2014,kumar_assessingimpactbandobservations_2014,Value of Information,,Agriculture,Water,Agriculture,Water Resources,Simulations based on SMAP Radiometer,instrumental,instrumental
"A. L’Astorina, I. Tomasoni, A. Basoni, P. Carrara, Beyond the dissemination of earth observation research: Stakeholders’ and users’ involvement in project co-design. Journal Of Science Communication (2015). https://doi.org/10.22323/2.14030303.",A. L’Astorina,Factors Affecting Farmer Adoption of Remotely Sensed Imagery for Precision Management in Cotton Production,"Larson, James A. and Roberts, Roland K. and English, Burton C. and Larkin, Sherry L. and Marra, Michele C. and Martin, Steven W. and Paxton, Kenneth W. and Reeves, Jeanne M.",2008,larson_factorsaffectingfarmeradoption_2008,Econometric analysis,,Agriculture,,Agriculture,,remote sensing,instrumental,instrumental
"J. A. Larson, et al., Factors affecting farmer adoption of remotely sensed imagery for precision management in cotton production. Precision Agriculture (2008). https://doi.org/10.1007/s11119-008-9065-1.",J. A. Larson,Beyond The Dissemination Of Earth Observation Research: Stakeholders' And Users' Involvement In Project Co-Design,"L'Astorina, A. and Tomasoni, I. and Basoni, A. and Carrara, P.",2015,lastorina_disseminationearthobservationresearch_2015,Semi-structured and in-depth interviews,,Agriculture,,Agriculture,Capacity Building,Earth observation technologies,instrumental,instrumental
"C. Lauer, J. Conran, J. Adkins, Estimating the Societal Benefits of Satellite Instruments: Application to a Break-even Analysis of the GeoXO Hyperspectral IR Sounder. Frontiers in Environmental Science 9 (2021).",C. Lauer,Estimating the Societal Benefits of Satellite Instruments: Application to a Break-Even Analysis of the Geoxo Hyperspectral Ir Sounder,"Lauer, Christopher and Conran, Joseph and Adkins, Jeffery",2021,lauer_estimatingsocietalbenefitssatellite_2021,Value of Information,Surveys of preference assessments,Climate,Weather,Climate & Resilience,,GeoXO Hyperspectral Sounder,instrumental,instrumental
"J. K. Lazo, L. Chestnut, Economic Value of Current and Improved Weather Forecasts in the U.S. Household Sector. (2002).",J. K. Lazo,Economic Value Of Current And Improved Weather Forecasts In The U.s. Household Sector,"Lazo, Jeffrey",2002,lazo_economiccurrentimprovedweather_2002,Stated preference,Value of Information,Weather,(various),(other),(various),NWS weather forecast,fundamental;instrumental;eudaimonistic,instrumental;relational
"D. Letson, et al., Value of perfect ENSO phase predictions for agriculture: evaluating the impact of land tenure and decision objectives. Climatic Change 97, 145–170 (2009).",D. Letson,Value of Perfect ENSO Phase Predictions for Agriculture: Evaluating the Impact of Land Tenure and Decision Objectives,"Letson, David and Laciana, Carlos E. and Bert, Federico E. and Weber, Elke U. and Katz, Richard W. and Gonzalez, Xavier I. and Podest{\'a}, Guillermo P.",2009,letson_perfectensophasepredictions_2009,Value of Information,,Agriculture,,Agriculture,,ENSO forecasts,instrumental,instrumental
"M. Li, A. Faghri, A. Ozden, Y. Yue, Economic feasibility study for pavement monitoring using synthetic aperture radar-based satellite remote sensing cost-benefit analysis. Transportation Research Record (2017). https://doi.org/10.3141/2645-01.",M. Li,Economic Feasibility Study for Pavement Monitoring Using Synthetic Aperture Radar-Based Satellite Remote Sensing Cost-Benefit Analysis,"Li, Mingxin and Faghri, Ardeshir and Ozden, Abdulkadir and Yue, Yixiang",2017,li_economicfeasibilitystudypavement_2017,Cost-benefit analysis,,(other),,(other),,SAR,instrumental,instrumental
"S.-Y. Liao, C.-C. Chen, S.-H. Hsu, Estimating the value of El Niño Southern Oscillation information in a regional water market with implications for water management. Journal of Hydrology 394, 347–356 (2010).",S.-Y. Liao,Estimating the Value of El Nino Southern Oscillation Information in a Regional Water Market with Implications for Water Management,"Liao, Shu-Yi and Chen, Chi-Chung and Hsu, Shih-Hsun",2010,liao_estimatingelninosouthern_2010,Value of Information,Econometric analysis,Water,,Water Resources,,ENSO forecasts,fundamental;instrumental,instrumental
"S. H. Lim, Y. Ge, J. M. Jacobs, X. Jia, Measuring the economic benefits of advanced technology use for river flood forecasting. Journal Of Flood Risk Management (2022). https://doi.org/10.1111/jfr3.12781.",S. H. Lim,Measuring the Economic Benefits of Advanced Technology Use for River Flood Forecasting,"Lim, Siew Hoon and Ge, Yue and Jacobs, Jennifer M. and Jia, Xinhua",2022,lim_measuringeconomicbenefitsadvanced_2022,Stated preference,Econometric analysis,Agriculture,,Agriculture,,satellite SWE observations,instrumental,instrumental
"C. Linés, A. Iglesias, L. Garrote, V. Sotés, M. Werner, Do users benefit from additional information in support of operational drought management decisions in the Ebro basin? Hydrol. Earth Syst. Sci. 22, 5901–5917 (2018).",C. Linés,Do Users Benefit from Additional Information in Support of Operational Drought Management Decisions in the Ebro Basin?,"Lin{\'e}s, Clara and Iglesias, Ana and Garrote, Luis and Sot{\'e}s, Vicente and Werner, Micha",2018,lines_usersbenefitadditionalinformation_2018,Value of Information,Real options analysis,Agriculture,Water,Agriculture,Water Resources,General remote sensing,instrumental,instrumental
"J. Loomis, S. Koontz, H. Miller, L. Richardson, Valuing Geospatial Information: Using the Contingent Valuation Method to Estimate the Economic Benefits of Landsat Satellite Imagery. Photogrammetric Engineering & Remote Sensing 81, 647–656 (2015).",J. Loomis,Valuing Geospatial Information: Using the Contingent Valuation Method to Estimate the Economic Benefits of Landsat Satellite Imagery,"Loomis, John and Koontz, Steve and Miller, Holly and Richardson, Leslie",2015,loomis_valuinggeospatialinformationcontingent_2015,Stated preference,,(various),,(various),,Landsat,instrumental,instrumental
"W. K. Luseno, J. G. McPeak, C. B. Barrett, P. D. Little, G. Gebru, Assessing the Value of Climate Forecast Information for Pastoralists: Evidence from Southern Ethiopia and Northern Kenya. World Development 31, 1477–1494 (2003).",W. K. Luseno,Assessing the Value of Climate Forecast Information for Pastoralists: Evidence from Southern Ethiopia and Northern Kenya,"Luseno, Winnie K and McPeak, John G and Barrett, Christopher B and Little, Peter D and Gebru, Getachew",2003,luseno_assessingclimateforecastinformation_2003,Semi-structured and in-depth interviews,Surveys of preference assessments,Agriculture,,Agriculture,,climate forecasts,fundamental;instrumental,instrumental
"M. K. Macauley, The value of information: Measuring the contribution of space-derived earth science data to resource management. Space Policy 22, 274–282 (2006).",M. K. Macauley,The Value of Information: Measuring the Contribution of Space-Derived Earth Science Data to Resource Management,"Macauley, Molly K.",2006,macauley_informationmeasuringcontributionspace_2006,Value of Information,,(various),,(various),,hypothetical,instrumental,instrumental
"B. Maxwell, E. Luschei, Justification for site-specific weed management based on ecology and economics. Weed Science (2005). https://doi.org/10.1614/ws-04-071r2.",B. Maxwell,Justification for Site-Specific Weed Management Based on Ecology and Economics,"Maxwell, {\relax BD} and Luschei, {\relax EC",2005,maxwell_justificationsitespecificweed_2005,Value of Information,,Agriculture,,Agriculture,,remote sensing precipitation data,instrumental,instrumental
"I. McCallum, et al., Banda Aceh-The Value of Earth Observation Data in Disaster Recovery and Reconstruction: A Case Study. (2008).",I. McCallum,Banda Aceh-The Value of Earth Observation Data in Disaster Recovery and Reconstruction: A Case Study,"McCallum, I. and Kidd, R. and Fritz, S. and Kraxner, F. and Obersteiner, M. and Shvidenko, Anatoly",2008,mccallum_bandaacehearthobservation_2008,Surveys of preference assessments,Cost-benefit analysis,Disasters,Water,Disasters,Water Resources,earth observation data,instrumental,instrumental
"B. M. Miller, The Not-So-Marginal Value of Weather Warning Systems. Weather, Climate, and Society 10, 89–101 (2018).",B. M. Miller,The Not-So-Marginal Value of Weather Warning Systems,"Miller, Benjamin M.",2018,miller_marginalweatherwarningsystems_2018,Econometric analysis,,Weather,,(other),,weather warning system,fundamental;instrumental,instrumental
"H. M. Miller, L. A. Richardson, S. R. Koontz, J. Loomis, L. Koontz, “Users, uses, and value of Landsat satellite imagery: results from the 2012 survey of users” (U.S. Geological Survey, 2013).",H. M. Miller,"Users, Uses, and Value of Landsat Satellite Imagery: Results from the 2012 Survey of Users","Miller, Holly M. and Richardson, Leslie A. and Koontz, Stephen R. and Loomis, John and Koontz, Lynne",2013,miller_userslandsatsatelliteimagery_2013,Surveys of preference assessments,Stated preference,(various),,(various),,Landsat,instrumental,instrumental
"A. Millner, Getting the Most out of Ensemble Forecasts: A Valuation Model Based on User–Forecast Interactions. Journal of Applied Meteorology and Climatology 47, 2561–2571 (2008).",A. Millner,Getting the Most out of Ensemble Forecasts: A Valuation Model Based on User--Forecast Interactions,"Millner, Antony",2008,millner_ensembleforecastsvaluationmodel_2008,Bayesian Decision Analysis,,Weather,,(other),,hypothetical weather forecast,instrumental,instrumental
"J. Moellmann, M. Buchholz, O. Musshoff, Comparing the hedging effectiveness of weather derivatives based on remotely sensed vegetation health indices and meteorological indices. Weather Climate And Society (2018). https://doi.org/10.1175/wcas-d-17-0127.1.",J. Moellmann,Comparing The Hedging Effectiveness Of Weather Derivatives Based On Remotely Sensed Vegetation Health Indices And Meteorological Indices,"Moellmann, Johannes and Buchholz, Matthias and Musshoff, Oliver",2018,moellmann_comparinghedgingeffectivenessweather_2018,Econometric analysis,,Agriculture,,Agriculture,,AVHRR,instrumental,instrumental
"E. B. Molder, S. F. Schenkein, A. E. McConnell, K. K. Benedict, C. L. Straub, Landsat Data Ecosystem Case Study: Actor Perceptions of the Use and Value of Landsat. Frontiers in Environmental Science 9 (2022).",E. B. Molder,Landsat Data Ecosystem Case Study: Actor Perceptions of the Use and Value of Landsat,"Molder, Edmund B. and Schenkein, Sarah F. and McConnell, Abby E. and Benedict, Karl K. and Straub, Crista L.",2022,molder_landsatdataecosystemstudy_2022,Semi-structured and in-depth interviews,,(various),,(various),,Landsat,fundamental;instrumental,instrumental
"E. Moltchanova, N. Khabarov, M. Obersteiner, D. Ehrlich, M. Moula, The value of rapid damage assessment for efficient earthquake response. Safety Science (2011). https://doi.org/10.1016/j.ssci.2011.03.008.",E. Moltchanova,The Value of Rapid Damage Assessment for Efficient Earthquake Response,"Moltchanova, Elena and Khabarov, Nikolay and Obersteiner, Michael and Ehrlich, Daniele and Moula, Micheline",2011,moltchanova_rapiddamageassessmentefficient_2011,Value of Information,Cost-benefit analysis,Disasters,,Disasters,,hypothetical earthquake rapid response based on earth observation,fundamental;instrumental,instrumental
"J. Morgenroth, R. Visser, Uptake and barriers to the use of geospatial technologies in forest management. New Zealand Journal Of Forestry Science (2013). https://doi.org/10.1186/1179-5395-43-16.",J. Morgenroth,Uptake And Barriers To The Use Of Geospatial Technologies In Forest Management,"Morgenroth, Justin and Visser, Rien",2013,morgenroth_uptakebarriersgeospatialtechnologies_2013,Surveys of preference assessments,,Agriculture,,Agriculture,,"aerial photography, lidar, radar",instrumental,instrumental
"V. Morretta, M. Florio, M. Landoni, The social value of earth observation: a new evaluation framework for public high-tech infrastructures. Structural Change And Economic Dynamics (2023). https://doi.org/10.1016/j.strueco.2023.09.003.",V. Morretta,The Social Value of Earth Observation: A New Evaluation Framework for Public High-Tech Infrastructures,"Morretta, Valentina and Florio, Massimo and Landoni, Matteo",2023,morretta_socialearthobservationevaluation_2023,Cost-benefit analysis,,(various),,(various),,hypothetical,eudaimonistic;fundamental;instrumental,relational;instrumental
"V. Morretta, D. Vurchio, S. Carrazza, The socio-economic value of scientific publications: The case of Earth Observation satellites. Technological Forecasting and Social Change 180, 121730 (2022).",V. Morretta,The Socio-Economic Value of Scientific Publications: The Case of Earth Observation Satellites,"Morretta, Valentina and Vurchio, Davide and Carrazza, Stefano",2022,morretta_socioeconomicscientificpublications_2022,Cost-benefit analysis,,(various),,(various),,Cosmo Skymed,eudaimonistic;instrumental,relational;instrumental
"J. Musinsky, et al., Conservation impacts of a near real-time forest monitoring and alert system for the tropics. Remote Sensing In Ecology And Conservation (2018). https://doi.org/10.1002/rse2.78.",J. Musinsky,Conservation Impacts of a near Real-Time Forest Monitoring and Alert System for the Tropics,"Musinsky, John and Tabor, Karyn and Cano, Carlos A. and Ledezma, Juan Carlos and Mendoza, Eddy and Rasolohery, Andriambolantsoa and Sajudin, Ermayanti R.",2018,musinsky_conservationimpactsrealtime_2018,Surveys of preference assessments,Semi-structured and in-depth interviews,Agriculture,(various),Agriculture,(various),"MODIS, VIIRS active fire data",fundamental;instrumental,instrumental
"S. C. Newbold, S. Lindley, S. Albeke, J. Viers, R. Johnston, 'Valuing Satellite Data for Harmful Algal Bloom Early Warning Systems' (Resources for the Future, 2022).",S. C. Newbold,Valuing Satellite Data for Harmful Algal Bloom Early Warning Systems,"S. C. Newbold, S. Lindley, S. Albeke, J. Viers, R. Johnston",2022,newbold_valuingsatellitedataharmful_2022,Value of Information,Revealed preference,Water,,Water Resources,,HAB warning system based on satellite imagery,instrumental,instrumental
"N. Nikolic, et al., Site- and time-specific early weed control is able to reduce herbicide use in maize - a case study. Italian Journal Of Agronomy (2021). https://doi.org/10.4081/ija.2021.1780.",N. Nikolic,Site- And Time-Specific Early Weed Control Is Able To Reduce Herbicide Use In Maize - A Case Study,"Nikolic, Nebojsa and Rizzo, Davide and Marraccini, Elisa and Gotor, Alicia Ayerdi and Mattivi, Pietro and Saulet, Pierre and Persichetti, Antonio and Masin, Roberta",2021,nikolic_sitetimespecificweed_2021,Value of Information,,Agriculture,,Agriculture,,UAV,instrumental,instrumental
"L. Noordermeer, T. Gobakken, E. Naesset, O. M. Bollandsas, Economic utility of 3d remote sensing data for estimation of site index in nordic commercial forest inventories: a comparison of airborne laser scanning, digital aerial photogrammetry and conventional practices. Scandinavian Journal Of Forest Research (2021). https://doi.org/10.1080/02827581.2020.1854340.",L. Noordermeer,"Economic Utility Of 3d Remote Sensing Data For Estimation Of Site Index In Nordic Commercial Forest Inventories: A Comparison Of Airborne Laser Scanning, Digital Aerial Photogrammetry And Conventional Practices","Noordermeer, Lennart and Gobakken, Terje and Naesset, Erik and Bollandsas, Ole Martin",2021,noordermeer_economicutility3dremote_2021,Value of Information,Cost-benefit analysis,Agriculture,,Agriculture,,Airborne laser scanning and digital aerial photogrammetry,instrumental,instrumental
"F. Nutini, et al., Supporting operational site-specific fertilization in rice cropping systems with infield smartphone measurements and sentinel-2 observations. Precision Agriculture (2021). https://doi.org/10.1007/s11119-021-09784-0.",F. Nutini,Supporting Operational Site-Specific Fertilization In Rice Cropping Systems With Infield Smartphone Measurements And Sentinel-2 Observations,"Nutini, Francesco and Confalonieri, Roberto and Paleari, Livia and Pepe, Monica and Criscuolo, Laura and Porta, Francesco and Ranghetti, Luigi and Busetto, Lorenzo and Boschetti, Mirco",2021,nutini_supportingoperationalsitespecific_2021,Value of Information,,Agriculture,,Agriculture,,Sentinel,instrumental,instrumental
"K. O’Dell, et al., Public health benefits from improved identification of severe air pollution events with geostationary satellite data. (2023). https://doi.org/10.1029/2023gh000890.",K. O’Dell,Valuing the Potential Impacts of Geoss: A Systems Dynamics Approach,"Obersteiner, M. and Rydzak, F. and Fritz, S. and McCallum, I.",2012,obersteiner_valuingpotentialimpactsgeoss_2012,Value of Information,Cost-benefit analysis,(various),,(various),,GEOSS,instrumental,instrumental
"M. Obersteiner, F. Rydzak, S. Fritz, I. McCallum, Valuing the potential impacts of geoss: a systems dynamics approach. The Value Of Information: Methodological Frontiers And New Applications In Environment And Health (2012). https://doi.org/10.1007/978-94-007-4839-2_4.",M. Obersteiner,The Value of Near Real-Time Earth Observations for Improved Flood Disaster Response,"Oddo, Perry C. and Bolten, John D.",2019,oddo_realtimeearthobservations_2019,Value of Information,,Disasters,,Disasters,,MODIS,instrumental,instrumental
"P. C. Oddo, J. D. Bolten, The Value of Near Real-Time Earth Observations for Improved Flood Disaster Response. Frontiers in Environmental Science 7 (2019).",P. C. Oddo,Public Health Benefits from Improved Identification of Severe Air Pollution Events with Geostationary Satellite Data,"O'Dell, Katelyn",NA,odell_publichealthbenefitsimproved_2024,Value of Information,,Health,,Health & Air Quality,,GOES;VIIRS;,fundamental;instrumental,instrumental
"R. Opitz, et al., Practicing critical zone observation in agricultural landscapes: Communities, technology, environment and archaeology. Land (2023). https://doi.org/10.3390/land12010179.",R. Opitz,"Practicing Critical Zone Observation in Agricultural Landscapes: Communities, Technology, Environment and Archaeology","Opitz, Rachel and De Smedt, Philippe and {Mayoral-Herrera}, Victorino and Campana, Stefano and Vieri, Marco and Baldwin, Eamonn and Perna, Carolina and Sarri, Daniele and Verhegge, Jeroen",2023,opitz_practicingcriticalzoneobservation_2023,Semi-structured and in-depth interviews,Focus groups,Agriculture,,Agriculture,Capacity Building,various,instrumental,instrumental
"B. P. Parajuli, et al., An open data and citizen science approach to building resilience to natural hazards in a data-scarce remote mountainous part of nepal. Sustainability (2020). https://doi.org/10.3390/su12229448.",B. P. Parajuli,An Open Data and Citizen Science Approach to Building Resilience to Natural Hazards in a Data-Scarce Remote Mountainous Part of Nepal,"Parajuli, Binod Prasad and Khadka, Prakash and Baskota, Preshika and Shakya, Puja and Liu, Wei and Pudasaini, Uttam and Roniksh, B. C. and Paul, Jonathan D. and Buytaert, Wouter and Vij, Sumit",2020,parajuli_datacitizenscienceapproach_2020,Participatory rural appraisal; rapid rural appraisal,,(various),,Capacity Building,(various),Satellite imagery,fundamental;eudaimonistic,instrumental;relational
"S.-Y. Park, S.-H. Yoo, The public value of improving a weather forecasting system in Korea: a choice experiment study. Applied Economics 50, 1644–1658 (2018).",S.-Y. Park,The Public Value of Improving a Weather Forecasting System in Korea: A Choice Experiment Study,"Park, Sun-Young and Yoo, Seung-Hoon",2018,park_publicimprovingweatherforecasting_2018,Stated preference,,Weather,,(other),,weather forecast,instrumental,instrumental
"F. Pearlman, R. Bernknopf, M. A. Stewart, J. S. Pearlman, Impacts of geospatial information for decision making. Advances In Natural And Technological Hazards Research (2014). https://doi.org/10.1007/978-3-319-01821-8_10.",F. Pearlman,Impacts of Geospatial Information for Decision Making,"Pearlman, F. and Bernknopf, R. and Stewart, M. A. and Pearlman, J. S.",2014,pearlman_impactsgeospatialinformationdecision_2014,Value of Information,Cost-benefit analysis,Health,Agriculture,Health & Air Quality,Agriculture,MRLI (Landsat); PRISM,instrumental,instrumental
"E. H. Petersen, R. W. Fraser, An assessment of the value of seasonal forecasting technology for Western Australian farmers. Agricultural Systems 70, 259–274 (2001).",E. H. Petersen,An Assessment of the Value of Seasonal Forecasting Technology for Western Australian Farmers,"Petersen, E.H and Fraser, R.W",2001,petersen_assessmentseasonalforecastingtechnology_2001,Value of Information,,Agriculture,,Agriculture,,climate forecasts,instrumental,instrumental
"S. Quiroga, et al., The economic value of drought information for water management under climate change: a case study in the Ebro basin. Nat. Hazards Earth Syst. Sci. 11, 643–657 (2011).",S. Quiroga,The Economic Value of Drought Information for Water Management under Climate Change: A Case Study in the Ebro Basin,"Quiroga, S. and Garrote, L. and Iglesias, A. and {Fern{\'a}ndez-Haddad}, Z. and Schlickenrieder, J. and De Lama, B. and Mosso, C. and {S{\'a}nchez-Arcilla}, A.",2011,quiroga_economicdroughtinformationwater_2011,Value of Information,,Agriculture,,Agriculture,,drought forecast,instrumental,instrumental
"A. Rango, Operational applications of satellite snow cover observations. Jawra Journal Of The American Water Resources Association (1980). https://doi.org/10.1111/j.1752-1688.1980.tb02549.x.",A. Rango,Operational Applications Of Satellite Snow Cover Observations,"Rango, A.",1980,rango_operationalapplicationssatellitesnow_1980,Cost-benefit analysis,,Water,,Water Resources,,"Landsat, VHRR",instrumental,instrumental
"R. D. Roberts, et al., Taking the highway to save lives on lake victoria. Bulletin Of The American Meteorological Society (2022). https://doi.org/10.1175/bams-d-20-0290.1.",R. D. Roberts,Taking The Highway To Save Lives On Lake Victoria,"Roberts, Rita D. and Goodman, Steven J. and Wilson, James W. and Watkiss, Paul and Powell, Robert and Petersen, Ralph A. and Bain, Caroline and Faragher, John and Chang'a, Ladislaus B. and Kapkwomu, Julius Kiprop and Oloo, Paul N. and Sebaziga, Joseph N. and Hartley, Andrew and Donovan, Timothy and Mittermaier, Marion and Cronce, Lee and Virts, Katrina S.",2022,roberts_takinghighwaysavelives_2022,Focus groups,Semi-structured and in-depth interviews,Weather,,(other),,weather warning system,fundamental;instrumental,instrumental
"K. S. Rollins, J. Shaykewich, Using willingness‐to‐pay to assess the economic value of weather forecasts for multiple commercial sectors. Meteorological Applications 10, 31–38 (2003).",K. S. Rollins,Using Willingness-to-pay to Assess the Economic Value of Weather Forecasts for Multiple Commercial Sectors,"Rollins, Kimberly S. and Shaykewich, Joseph",2003,rollins_willingnesspayassesseconomic_2003,Stated preference,,Weather,,(other),,weather forecast,instrumental,instrumental
"K. W. Ross, M. E. Brown, J. P. Verdin, L. W. Underwood, Review of fews net biophysical monitoring requirements. Environmental Research Letters (2009). https://doi.org/10.1088/1748-9326/4/2/024009.",K. W. Ross,Review of Fews Net Biophysical Monitoring Requirements,"Ross, K. W. and Brown, M. E. and Verdin, J. P. and Underwood, L. W.",2009,ross_reviewfewsnetbiophysical_2009,Surveys of preference assessments,,Agriculture,Climate,Agriculture,Climate & Resilience,FEWS NET,instrumental,instrumental
"T. F. Rotheli, Applied welfare economics with bounded rationality: Public policies toward remote sensing. International Advances In Economic Research (2005). https://doi.org/10.1007/s11294-004-7165-x.",T. F. Rotheli,Applied Welfare Economics With Bounded Rationality: Public Policies Toward Remote Sensing,"Rotheli, Tobias F.",2005,rotheli_appliedwelfareeconomicsbounded_2005,Cost-benefit analysis,,Agriculture,,Agriculture,,hypothetical crop health,instrumental,instrumental
"M. Rouget, Measuring conservation value at fine and broad scales: Implications for a diverse and fragmented region, the agulhas plain. Biological Conservation (2003). https://doi.org/10.1016/s0006-3207(02)00415-9.",M. Rouget,"Measuring Conservation Value at Fine and Broad Scales: Implications for a Diverse and Fragmented Region, the Agulhas Plain","Rouget, M",2003,rouget_measuringconservationfinebroad_2003,Value of Information,,Ecosystems,Biodiversity,Ecological Conservation,,remote sensing at different scales,instrumental;fundamental,instrumental
"F. Rydzak, M. Obersteiner, F. Kraxner, Impact of Global Earth Observation - Systemic view across GEOSS societal benefit areas. International Journal of Spatial Data Infrastructures Research 216–243 (2010).",F. Rydzak,Impact of Global Earth Observation - Systemic View across GEOSS Societal Benefit Areas,"Rydzak, Felicjan and Obersteiner, Michael and Kraxner, Florian",2010,rydzak_impactglobalearthobservation_2010,Value of Information,,(various),,(various),,GEOSS,fundamental;instrumental,instrumental
"V. Šafář, et al., The role of remote sensing in agriculture and future vision. Agris On-Line Papers In Economics And Informatics (2022). https://doi.org/10.7160/aol.2022.140109.",V. Šafář,The Role of Remote Sensing in Agriculture and Future Vision,"\v S}af{\'a}{\v r}, V. and Charv{\'a}t, K. and Mildorf, T. and Crehan, P. and Kolitzus, D. and Orlickas, T. and Rimgaila, M. and Ku{\v c}inskas, A. and Rybokien{\.e}, S. and Hor{\'a}kov{\'a}, {\v S} and Kub{\'i}{\v c}kov{\'a}, H.",2022,safar_roleremotesensingagriculture_2022,Surveys of preference assessments,Focus groups,Agriculture,,Agriculture,,Copernicus,instrumental,instrumental
"V. G. Sales, E. Strobl, R. J. R. Elliott, Cloud cover and its impact on brazil’s deforestation satellite monitoring program: Evidence from the cerrado biome of the brazilian legal amazon. Applied Geography (2022). https://doi.org/10.1016/j.apgeog.2022.102651.",V. G. Sales,Cloud Cover and Its Impact on Brazil's Deforestation Satellite Monitoring Program: Evidence from the Cerrado Biome of the Brazilian Legal Amazon,"Sales, Vilane G. and Strobl, Eric and Elliott, Robert J. R.",2022,sales_cloudcoverimpactbrazil's_2022,Value of Information,,Climate,Agriculture,Climate & Resilience,Agriculture,multispectral remote radar,fundamental;instrumental,instrumental
"P. G. Sassone, The economics of atmosphere monitoring systems: Theory and applications. Climatic Change (1982). https://doi.org/10.1007/bf02423388.",P. G. Sassone,The Economics Of Atmosphere Monitoring Systems: Theory And Applications,"Sassone, P. G.",1982,sassone_economicsatmospheremonitoringsystems_1982,Value of Information,,Health,,Health & Air Quality,,atmosphere monitoring systems,instrumental,instrumental
"G. Sawyer, E. Mamais, D. Papadakis, The Six Dimensions of Value Associated to the use of Copernicus Sentinel Data: Key Findings From the Sentinel Benefits Study. Frontiers in Environmental Science 10 (2022).",G. Sawyer,The Six Dimensions of Value Associated to the Use of Copernicus Sentinel Data: Key Findings from the Sentinel Benefits Study,"Sawyer, Geoff and Mamais, Eleftherios and Papadakis, Dimitri",2022,sawyer_dimensionscopernicussentineldata_2022,Value of Information,,(various),,(various),,Sentinel,fundamental;instrumental;eudaimonistic,instrumental;relational
"E. Schiavon, et al., Maximizing societal benefit across multiple hyperspectral earth observation missions: a user needs approach. Journal Of Geophysical Research-Biogeosciences (2023). https://doi.org/10.1029/2023jg007569.",E. Schiavon,Maximizing Societal Benefit across Multiple Hyperspectral Earth Observation Missions: A User Needs Approach,"Schiavon, Emma and Taramelli, Andrea and Tornato, Antonella and Lee, Christine M. and Luvall, Jeffrey C. and Uz, Stephanie Schollaert and Townsend, Philip A. and Cima, Valentina and Geraldini, Serena and Xuan, Alessandra Nguyen and Valentini, Emiliana and Miller, Charles E.",2023,schiavon_maximizingsocietalbenefitmultiple_2023,Focus groups,Semi-structured and in-depth interviews,(various),,(various),,,fundamental;instrumental,instrumental
"C. Schweik, C. Thomas, Using remote sensing to evaluate environmental institutional designs: a habitat conservation planning example. Social Science Quarterly (2002). https://doi.org/10.1111/1540-6237.00081.",C. Schweik,Using Remote Sensing to Evaluate Environmental Institutional Designs: A Habitat Conservation Planning Example,"Schweik, {\relax CM} and Thomas, {\relax CW",2002,schweik_remotesensingevaluateenvironmental_2002,Cost-benefit analysis,,Ecosystems,Biodiversity,Ecological Conservation,,LandSat,fundamental,instrumental
"S. Seelan, S. Laguette, G. Casady, G. Seielstad, Remote sensing applications for precision agriculture: a learning community approach. Remote Sensing Of Environment (2003). https://doi.org/10.1016/j.rse.2003.04.007.",S. Seelan,Remote Sensing Applications for Precision Agriculture: A Learning Community Approach,"Seelan, {\relax SK} and Laguette, S and Casady, {\relax GM} and Seielstad, {\relax GA",2003,seelan_remotesensingapplicationsprecision_2003,Participant action research,,Agriculture,,Agriculture,Capacity Building,"AVHRR, MODIS, ETM+, IKONOS, Digit Inc?s DALSA camera system and Positive Systems? ADAR 5500 digital aerial camera",fundamental;instrumental;eudaimonistic,instrumental;relational
"G. A. Seielstad, et al., Applications of remote sensing to precision agriculture with dual economic and environmental benefits. Proceedings Of Spie-The International Society For Optical Engineering (2002). https://doi.org/10.1117/12.454211.",G. A. Seielstad,Applications of Remote Sensing to Precision Agriculture with Dual Economic and Environmental Benefits,"Seielstad, G. A. and Laguette, S. and Seelan, S. and Lawrence, R. and Nielsen, G. A. and Clay, D. and Dalsted, K.",2002,seielstad_applicationsremotesensingprecision_2002,Value of Information,Participant action research,Agriculture,,Agriculture,,AVHRR; ETM+; IKONOS; ADAR5500; MODIS,instrumental,instrumental
"J. C. Selgrath, C. Roelfsema, S. E. Gergel, A. C. J. Vincent, Mapping for coral reef conservation: Comparing the value of participatory and remote sensing approaches. Ecosphere (2016). https://doi.org/10.1002/ecs2.1325.",J. C. Selgrath,Mapping for Coral Reef Conservation: Comparing the Value of Participatory and Remote Sensing Approaches,"Selgrath, Jennifer C. and Roelfsema, Chris and Gergel, Sarah E. and Vincent, Amanda C. J.",2016,selgrath_mappingcoralreefconservation_2016,Value of Information,Cost-benefit analysis,Ecosystems,,Ecological Conservation,,Digital Globe Worldview 2,fundamental,instrumental
"V. Sharda, P. Srivastava, Value of ENSO-Forecasted Drought Information for the Management of Water Resources of Small to Mid-Size Communities. Transactions of the ASABE (American Society of Agricultural and Biological Engineers) 59, 1733–1744 (2016).",V. Sharda,Value of ENSO-Forecasted Drought Information for the Management of Water Resources of Small to Mid-Size Communities,"Sharda, Vaishali and Srivastava, Puneet",2016,sharda_ensoforecasteddroughtinformation_2016,Value of Information,,Water,,Water Resources,,ENSO forecasts,fundamental;instrumental,instrumental
"K. Smith, R. Berry, L. E. Clarke, Exploring the potential of google earth as a communication and engagement tool in collaborative natural flood management planning. Geographical Journal (2020). https://doi.org/10.1111/geoj.12323.",K. Smith,Exploring the Potential of Google Earth as a Communication and Engagement Tool in Collaborative Natural Flood Management Planning,"Smith, Katherine and Berry, Robert and Clarke, Lucy E.",2020,smith_exploringpotentialgoogleearth_2020,Focus groups,Surveys of preference assessments,Disasters,Water,Disasters,Water Resources,Google Earth,fundamental;instrumental;eudaimonistic,instrumental;relational
"I. S. Smythe, J. E. Blumenstock, Geographic microtargeting of social assistance with high-resolution poverty maps. Proc. Natl. Acad. Sci. U.S.A. 119, e2120025119 (2022).",I. S. Smythe,Geographic Microtargeting of Social Assistance with High-Resolution Poverty Maps,"Smythe, Isabella S. and Blumenstock, Joshua E.",2022,smythe_geographicmicrotargetingsocialassistance_2022,Value of Information,,(other),,Capacity Building,(other),satellite imagery,instrumental;eudaimonistic,instrumental;relational
"A. R. Solow, et al., The Value of Improved ENSO Prediction to U.S. Agriculture. Climatic Change 39: 47–60 (1998).",A. R. Solow,The Value of Improved ENSO Prediction to U.S. Agriculture,"Solow, Andrew R and Adams, Richard F and Bryant, Kelly J and Legler, David M and O'Brien, James J and McCARL, BRUCE A and Nayda, William and Weiher, Rodney",1998,solow_improvedensopredictionu.s_1998,Bayesian Decision Analysis,,Agriculture,,Agriculture,,ENSO forecasts,instrumental,instrumental
"M. Sozzi, et al., Economic comparison of satellite, plane and uav-acquired ndvi images for site-specific nitrogen application: Observations from italy. Agronomy-Basel (2021). https://doi.org/10.3390/agronomy11112098.",M. Sozzi,"Economic Comparison of Satellite, Plane and Uav-Acquired Ndvi Images for Site-Specific Nitrogen Application: Observations from Italy","Sozzi, Marco and Kayad, Ahmed and Gobbo, Stefano and Cogato, Alessia and Sartori, Luigi and Marinello, Francesco",2021,sozzi_economiccomparisonsatelliteplane_2021,Value of Information,Cost-benefit analysis,Agriculture,,Agriculture,,"Satellite imagery, aerial imagery, UAV",instrumental,instrumental
"K. Spaeti, R. Huber, R. Finger, Benefits of increasing information accuracy in variable rate technologies. Ecological Economics (2021). https://doi.org/10.1016/j.ecolecon.2021.107047.",K. Spaeti,Benefits Of Increasing Information Accuracy In Variable Rate Technologies,"Spaeti, Karin and Huber, Robert and Finger, Robert",2021,spaeti_benefitsincreasinginformationaccuracy_2021,Value of Information,Cost-benefit analysis,Agriculture,,Agriculture,,"satellite imagery, drone imagery",instrumental,instrumental
"J. H. Stel, B. F. Mannix, A benefit-cost analysis of a regional global ocean observing system: Seawatch Europe. Marine Policy 20, 357–376 (1996).",J. H. Stel,A Benefit-Cost Analysis of a Regional Global Ocean Observing System: Seawatch Europe,"Stel, Jan H and Mannix, Brian F",1996,stel_benefitcostanalysisregional_1996,Cost-benefit analysis,,(various),,(various),,Seawatch system,instrumental,instrumental
"S. Stroming, M. Robertson, B. Mabee, Y. Kuwayama, B. Schaeffer, Quantifying the Human Health Benefits of Using Satellite Information to Detect Cyanobacterial Harmful Algal Blooms and Manage Recreational Advisories in U.S. Lakes. Geohealth 4, e2020GH000254 (2020).",S. Stroming,Quantifying the Human Health Benefits of Using Satellite Information to Detect Cyanobacterial Harmful Algal Blooms and Manage Recreational Advisories in U.S. Lakes,"Stroming, Signe and Robertson, Molly and Mabee, Bethany and Kuwayama, Yusuke and Schaeffer, Blake",2020,stroming_quantifyinghumanhealthbenefits_2020,Value of Information,Market cost-based methods,Water,Health,Water Resources,Health & Air Quality,Sentinel-3,fundamental;instrumental,instrumental
"D. M. Styers, Using big data to engage undergraduate students in authentic science. Journal Of Geoscience Education (2018). https://doi.org/10.1080/10899995.2018.1411699.",D. M. Styers,Using Big Data To Engage Undergraduate Students In Authentic Science,"Styers, D. M.",2018,styers_dataengageundergraduatestudents_2018,Surveys of preference assessments,,(various),(other),(various),Capacity Building,MODIS; Landsat,eudaimonistic,relational
"D. M. Sullivan, A. Krupnick, Using Satellite Data to Fill the Gaps in the US Air Pollution Monitoring Network. (2019).",D. M. Sullivan,Using Satellite Data to Fill the Gaps in the US Air Pollution Monitoring Network,"Sullivan, Daniel M and Krupnick, Alan",NA,sullivan_satellitedatafillgaps_2018,Value of Information,Econometric analysis,Health,,Health & Air Quality,,various satellite,fundamental,instrumental
"Y. Tang, et al., Grid-scale agricultural land and water management: a remote-sensing-based multiobjective approach. Journal Of Cleaner Production (2020). https://doi.org/10.1016/j.jclepro.2020.121792.",Y. Tang,Grid-Scale Agricultural Land and Water Management: A Remote-Sensing-Based Multiobjective Approach,"Tang, Yikuan and Zhang, Fan and Engel, Bernard A. and Liu, Xiao and Yue, Qiong and Guo, Ping",2020,tang_gridscaleagriculturalland_2020,Value of Information,,Agriculture,Water,Agriculture,Water Resources,MODIS,fundamental;instrumental,instrumental
"T. Tanhuanpaa, et al., Input data resolution affects the conservation prioritization outcome of spatially sparse biodiversity features. Ambio (2023). https://doi.org/10.1007/s13280-023-01885-6.",T. Tanhuanpaa,Input Data Resolution Affects the Conservation Prioritization Outcome of Spatially Sparse Biodiversity Features,"Tanhuanpaa, Topi and Mikkonen, Ninni and Kujala, Heini and Heinaro, Einari and Mayra, Janne and Kumpula, Timo",2023,tanhuanpaa_inputdataresolutionaffects_2023,Value of Information,,Ecosystems,,Ecological Conservation,,Simulated data at various resolutions,fundamental,instrumental
"A. Taramelli, et al., An interaction methodology to collect and assess user-driven requirements to define potential opportunities of future hyperspectral imaging sentinel mission. Remote Sensing (2020). https://doi.org/10.3390/rs12081286.",A. Taramelli,An Interaction Methodology To Collect And Assess User-Driven Requirements To Define Potential Opportunities Of Future Hyperspectral Imaging Sentinel Mission,"Taramelli, A. and Tornato, A. and Magliozzi, M. L. and Mariani, S. and Valentini, E. and Zavagli, M. and Costantini, M. and Nieke, J. and Adams, J. and Rast, M.",2020,taramelli_interactionmethodologycollectassess_2020,Surveys of preference assessments,Delphi Method,(various),,(various),,Sentinel,instrumental,instrumental
"A. Tassa, S. Willekens, A. Lahcen, L. Laurich, C. Mathieu, On-Going European Space Agency Activities on Measuring the Benefits of Earth Observations to Society: Challenges, Achievements and Next Steps. Frontiers in Environmental Science 10 (2022).",A. Tassa,"On-Going European Space Agency Activities on Measuring the Benefits of Earth Observations to Society: Challenges, Achievements and Next Steps","Tassa, Alessandra and Willekens, Stephanie and Lahcen, Arne and Laurich, Laurent and Mathieu, Charlotte",2022,tassa_europeanspaceagencyactivities_2022,Value of Information,,(various),,(various),,ESA missions,instrumental,instrumental
"W. Toombs, et al., Use and benefits of nasa’s recover for post-fire decision support. International Journal Of Wildland Fire (2018). https://doi.org/10.1071/wf18010.",W. Toombs,Use and Benefits of Nasa's Recover for Post-Fire Decision Support,"Toombs, William and Weber, Keith and Stegner, Tesa and Schnase, John L. and Lindquist, Eric and Lippitt, Frances",2018,toombs_benefitsnasa'srecoverpost_2018,Semi-structured and in-depth interviews,,(other),,Wildland Fires,,RECOVER post-fire decision support system,fundamental;instrumental,instrumental
"S. N. Trigg, D. P. Roy, A focus group study of factors that promote and constrain the use of satellite-derived fire products by resource managers in southern africa. Journal Of Environmental Management (2007). https://doi.org/10.1016/j.jenvman.2005.12.008.",S. N. Trigg,A Focus Group Study Of Factors That Promote And Constrain The Use Of Satellite-Derived Fire Products By Resource Managers In Southern Africa,"Trigg, S. N. and Roy, D. P.",2007,trigg_focusstudyfactorspromote_2007,Focus groups,Semi-structured and in-depth interviews,(other),,Wildland Fires,Capacity Building,MODIS,fundamental,instrumental
"K. R. Varshney, et al., Targeting villages for rural development using satellite image analysis. Big Data (2015). https://doi.org/10.1089/big.2014.0061.",K. R. Varshney,Targeting Villages for Rural Development Using Satellite Image Analysis,"Varshney, Kush R. and Chen, George H. and Abelson, Brian and Nowocin, Kendall and Sakhrani, Vivek and Xu, Ling and Spatocco, Brian L.",2015,varshney_targetingvillagesruraldevelopment_2015,Cost-benefit analysis,,(other),,Capacity Building,,satellite imagery,fundamental;instrumental,instrumental;relational
"F. Vuolo, L. Essl, C. Atzberger, Costs and benefits of satellite-based tools for irrigation management. Frontiers In Environmental Science (2015). https://doi.org/10.3389/fenvs.2015.00052.",F. Vuolo,Costs and Benefits of Satellite-Based Tools for Irrigation Management,"Vuolo, Francesco and Essl, Laura and Atzberger, Clement",2015,vuolo_costsbenefitssatellitebased_2015,Cost-benefit analysis,Semi-structured and in-depth interviews,Agriculture,Water,Agriculture,Water Resources,Landsat; DEIMOS,instrumental,instrumental
"H. Wang, et al., Drone-based harvest data prediction can reduce on-farm food loss and improve farmer income. Plant Phenomics (2023). https://doi.org/10.34133/plantphenomics.0086.",H. Wang,Drone-Based Harvest Data Prediction Can Reduce On-Farm Food Loss And Improve Farmer Income,"Wang, Haozhou and Li, Tang and Nishida, Erika and Kato, Yoichiro and Fukano, Yuya and Guo, Wei",2023,wang_dronebasedharvestdata_2023,Value of Information,,Agriculture,,Agriculture,,drone,fundamental;instrumental,instrumental
"K. F. Wellman, M. Hartley, Potential Benefits of Coastal Ocean Observing Systems to Alaskan Commercial Fisheries. Coastal Management 36, 193–207 (2008).",K. F. Wellman,Potential Benefits of Coastal Ocean Observing Systems to Alaskan Commercial Fisheries,"Wellman, Katharine F. and Hartley, Marcus",2008,wellman_potentialbenefitscoastalocean_2008,Value of Information,,Agriculture,,Agriculture,,Alaska Ocean Observing System,fundamental;instrumental,instrumental
"K. Wieand, A Bayesian Methodology for Estimating the Impacts of Improved Coastal Ocean Information on the Marine Recreational Fishing Industry. Coastal Management 36, 208–223 (2008).",K. Wieand,A Bayesian Methodology for Estimating the Impacts of Improved Coastal Ocean Information on the Marine Recreational Fishing Industry,"Wieand, Kenneth",2008,wieand_bayesianmethodologyestimatingimpacts_2008,Bayesian Decision Analysis,,Agriculture,,Agriculture,,Integrated Ocean Observation System,instrumental,instrumental
"S. Wikberg, et al., Cost-effectiveness of conservation strategies implemented in boreal forests: The area selection process. Biological Conservation (2009). https://doi.org/10.1016/j.biocon.2008.11.014.",S. Wikberg,Cost-Effectiveness of Conservation Strategies Implemented in Boreal Forests: The Area Selection Process,"Wikberg, Sofie and Perhans, Karin and Kindstrand, Claes and Djupstrom, Line Boberg and Boman, Mattias and Mattsson, Leif and Schroeder, Leif Martin and Weslien, Jan and Gustafsson, Lena",2009,wikberg_costeffectivenessconservationstrategies_2009,Cost-benefit analysis,Value of Information,Ecosystems,Biodiversity,Ecological Conservation,,satellite imagery,instrumental,instrumental
"D. S. Wilks, A skill score based on economic value for probability forecasts. Meteorological Applications 8, 209–219 (2001).",D. S. Wilks,A Skill Score Based on Economic Value for Probability Forecasts,"Wilks, D S",2001,wilks_skillscorebasedeconomic_2001,Value of Information,,Weather,Climate,Climate & Resilience,,hypothetical weather forecast,instrumental,instrumental
"C. Yeh, et al., Using publicly available satellite imagery and deep learning to understand economic well-being in africa. Nature Communications (2020). https://doi.org/10.1038/s41467-020-16185-w.",C. Yeh,Using Publicly Available Satellite Imagery and Deep Learning to Understand Economic Well-Being in Africa,"Yeh, Christopher and Perez, Anthony and Driscoll, Anne and Azzari, George and Tang, Zhongyi and Lobell, David and Ermon, Stefano and Burke, Marshall",2020,yeh_publiclysatelliteimagerydeep_2020,Value of Information,,(other),,Capacity Building,,Landsat; night light data,instrumental,instrumental
"D. R. Zeh, et al., Is acoustic tracking appropriate for air-breathing marine animals? Dugongs as a case study. Journal Of Experimental Marine Biology And Ecology (2015). https://doi.org/10.1016/j.jembe.2014.11.013.",D. R. Zeh,Is Acoustic Tracking Appropriate for Air-Breathing Marine Animals? Dugongs as a Case Study,"Zeh, Daniel R. and Heupel, Michelle R. and Limpus, Colin J. and Hamann, Mark and Fuentes, Mariana M. P. B. and Babcock, Russel C. and Pillans, Richard D. and Townsend, Kathy A. and Marsh, Helene",2015,zeh_acoustictrackingairbreathing_2015,Cost-benefit analysis,,Biodiversity,,Ecological Conservation,,satellite and acoustic telemetry,fundamental;instrumental,instrumental
"J. R. Ziolkowska, Economic value of environmental and weather information for agricultural decisions - A case study for Oklahoma Mesonet. Agriculture, Ecosystems & Environment 265, 503–512 (2018).",J. R. Ziolkowska,Economic Value of Environmental and Weather Information for Agricultural Decisions -- A Case Study for Oklahoma Mesonet,"Ziolkowska, Jadwiga R.",2018,ziolkowska_economicenvironmentalweatherinformation_2018,Value of Information,,Agriculture,,Agriculture,,Mesonet weather network,instrumental,instrumental
